,ID,Geslacht,Leeftijd,KenmerkenPersonen,Marges,Perioden,Rokers,ExRokers,NooitRokers,Drinkers,ExDrinkers,NooitDrinkers,ZwareDrinkersOnderDrinkers,OvermatigeDrinkersOnderDrinkers,GlazenAlcoholPerDag,Maximaal1GlasPerDagOnderBevolking,RichtlijnAlcoholgebruik12JrOfOuder,AfgelopenMaand,AfgelopenJaar,Ooit,AfgelopenMaand,AfgelopenJaar,Ooit,AgelopenMaand,AfgelopenJaar,Ooit,AfgelopenMaand,AfgelopenJaar,Ooit,AfgelopenMaand,AfgelopenJaar,Ooit,AfgelopenMaand,AfgelopenJaar,Ooit,AfgelopenMaand,AfgelopenJaar,Ooit,OpgegevenLengte18JaarOfOuder,OpgegevenGewicht18JaarOfOuder,Ondergewicht,NormaalGewicht,Overgewicht,MatigOvergewicht,ErnstigOvergewicht,VoldoetAanBeweegrichtlijn,VoldoendeMatigIntensieveInspanning,VoldoendeBotSpierversterkActiviteit,WekelijkseSporters,AbonnementSportaanbieder,LidSportvereniging,Inactief,SemiActief,Normactief,Inactief,SemiActief,Normactief,VoldoenAanCombinorm,WekelijkseSporters,HeeftRisicovolleSeksGehad,RisicoOngeplandeZwangerschap1649Jr,HivTest,SoaTestExclHivTest,AnticonceptiegebruikInclPil1649,GebruikAnticonceptiepil1649Jaar,k,Minimaal5DagenPWVoldoendeFruit,k,Minimaal5DagenPWVoldoendeGroente,Minimaal1DagPerWeek,Min2DagenPWWaarvan1XVetteVis,InDeAfgelopen5Jaar,LangerDan5JaarGeleden,Nooit,WeetNiet,InDeAfgelopen2Jaar,LangerDan2JaarGeleden,Nooit,WeetNiet,InDeAfgelopen5Jaar,NietInDeAfgelopen5Jaar,WeetNiet,InDeAfgelopen12Maanden,LangerDan12MaandenGeleden,Nooit,WeetNiet,InDeAfgelopen12Maanden,LangerDan12MaandenGeleden,Nooit,WeetNiet,InDeAfgelopen12Maanden,LangerDan12MaandenGeleden,Nooit,WeetNiet,InDeAfgelopen2Jaar,LangerDan2JaarGeleden,Nooit,WeetNiet,InDeAfgelopen12Maanden,LangerDan12MaandenGeleden,Nooit,WeetNiet,Griepprik16JaarOfOuder,Bloeddonoren18Tot70Jaar,Mantelzorger,UrenMantelzorgPerWeek,ZwaarBelasteMantelzorgers
2,2,Totaal mannen en vrouwen,Totaal,Totaal ,Waarde,2018/2019,20.7,30.4,48.9,75.8,11.2,13.0,11.0,10.2,1.2,43.8,42.9,4.6,7.2,22.0,2.0,4.1,10.8,0.5,1.3,4.2,1.1,2.9,7.9,0.7,1.6,5.0,0.6,1.5,6.2,5.6,9.1,23.6,174.2,78.1,2.3,53.7,44.0,31.2,12.8,47.9,53.4,81.3,53.6,23.4,23.6,,,,,,,,,2.8,,3.9,5.1,72.8,35.9,29.3,39.1,20.2,41.9,56.2,16.2,48.4,24.2,23.3,4.0,36.7,18.3,43.6,1.3,,,,50.6,37.7,6.5,5.2,33.3,25.2,30.6,10.9,34.8,26.8,26.3,12.2,22.7,6.6,64.0,6.7,3.5,15.3,79.2,2.0,23.0,,14.9,10.5,13.8
11,11,Totaal mannen en vrouwen,Totaal,Onderwijsniveau: 1 laag,Waarde,2018/2019,26.2,39.4,34.4,66.0,19.0,15.0,11.7,12.2,1.3,54.8,54.8,3.8,4.9,12.3,1.3,2.1,6.2,0.4,0.7,2.8,0.3,0.8,3.9,0.5,0.9,3.6,0.5,0.8,3.6,4.4,5.8,13.7,170.8,78.6,1.4,36.4,62.2,40.5,21.7,35.4,42.9,68.4,29.9,14.3,10.2,,,,,,,,,1.7,,2.2,2.4,68.6,32.4,30.7,40.2,14.6,31.6,57.7,15.4,38.9,42.5,12.3,6.4,50.3,27.8,20.1,1.8,,,,67.8,26.3,3.1,2.9,52.5,21.8,17.5,8.2,51.0,20.7,17.9,10.3,34.9,8.7,49.8,6.7,5.7,22.0,69.5,2.7,38.7,,14.5,15.0,13.2
20,20,Totaal mannen en vrouwen,Totaal,Onderwijsniveau: 2 middelbaar,Waarde,2018/2019,24.3,35.9,39.8,81.8,10.8,7.4,9.2,9.7,1.2,39.4,39.4,4.3,5.7,21.4,1.6,3.1,10.8,0.5,1.0,4.7,0.7,2.1,8.1,0.8,1.5,5.6,0.7,1.3,6.3,4.9,7.1,23.0,174.6,80.2,1.0,42.5,56.5,39.4,17.1,46.6,53.5,78.3,48.0,23.3,17.2,,,,,,,,,2.6,,3.5,4.2,66.2,29.2,28.8,39.6,17.2,38.3,57.2,18.1,59.5,23.7,14.2,2.5,42.0,19.2,38.2,0.7,,,,52.8,40.5,3.1,3.6,36.0,28.3,27.1,8.7,37.2,29.5,22.5,10.8,24.0,7.1,63.3,5.6,3.7,16.2,78.9,1.2,22.5,,18.7,9.9,13.0
29,29,Totaal mannen en vrouwen,Totaal,Onderwijsniveau: 3 hoog,Waarde,2018/2019,13.9,33.1,52.9,88.5,7.0,4.4,8.5,8.6,1.1,33.2,33.2,3.4,5.9,29.1,2.0,4.6,14.1,0.6,1.5,5.2,1.3,3.6,10.4,0.8,1.9,6.3,0.6,1.6,8.3,4.6,8.8,31.2,176.1,77.4,1.4,57.2,41.5,31.6,9.8,56.5,61.1,86.8,65.9,32.6,23.3,,,,,,,,,1.8,,4.9,5.8,70.7,27.4,32.0,42.2,23.4,49.8,64.0,21.6,62.4,18.1,16.9,2.6,34.0,15.7,49.6,0.8,,,,45.0,46.4,4.6,4.0,26.7,32.0,31.1,10.3,29.3,34.0,25.3,11.5,20.2,6.3,67.2,6.3,2.6,14.5,82.0,0.9,18.6,,15.9,8.2,16.3
38,38,Totaal mannen en vrouwen,Totaal,Onderwijsniveau: weet niet of onbekend,Waarde,2018/2019,20.7,33.0,46.3,53.2,19.9,26.9,11.5,8.8,1.1,67.0,67.0,3.3,3.9,11.1,0.4,1.0,4.0,0.0,1.0,3.0,0.0,0.4,1.2,0.0,0.4,1.9,0.4,0.4,1.9,3.3,4.4,12.0,169.8,79.2,1.4,31.2,67.4,42.5,24.9,39.9,47.7,72.7,29.5,14.7,7.5,,,,,,,,,2.3,,5.5,4.3,,,30.7,42.7,19.5,39.3,60.2,17.7,39.2,21.7,17.4,21.7,42.7,19.1,28.4,9.7,,,,61.9,25.5,3.4,9.2,47.2,21.6,15.6,15.6,49.5,19.8,14.6,16.1,31.3,6.6,44.9,17.2,5.2,20.0,63.1,11.7,34.6,,11.2,,
47,47,Totaal mannen en vrouwen,Totaal,Gestandaardiseerd inkomen: 1e 20%-groep,Waarde,2018/2019,30.7,21.8,47.6,60.3,16.7,23.0,15.6,13.0,1.3,56.7,55.9,9.6,14.0,30.3,4.0,6.6,16.4,1.4,3.1,7.4,2.0,4.3,11.7,1.3,2.6,8.1,1.3,2.7,10.2,11.6,16.8,32.0,172.0,76.4,3.3,53.4,43.4,28.3,15.1,41.5,46.5,77.6,40.0,17.5,15.9,,,,,,,,,4.7,,6.8,9.4,71.4,38.1,27.7,35.5,22.6,40.4,54.3,14.6,41.6,22.5,31.1,4.8,27.4,20.2,50.6,1.7,,,,51.3,35.0,8.3,5.4,33.1,21.9,33.1,11.9,36.0,24.6,28.0,11.4,18.3,6.3,67.4,8.0,4.4,14.6,78.4,2.6,21.5,,12.2,13.3,18.6
56,56,Totaal mannen en vrouwen,Totaal,Gestandaardiseerd inkomen: 2e 20%-groep,Waarde,2018/2019,23.8,32.5,43.7,68.7,14.6,16.7,10.0,9.7,1.1,51.6,50.7,4.2,6.2,18.3,1.8,3.3,9.0,0.5,1.1,3.9,0.9,2.1,6.5,0.6,1.4,4.1,0.8,1.5,5.4,4.8,7.6,19.6,172.4,78.3,2.5,47.4,50.1,33.3,16.8,41.6,47.6,76.6,42.0,17.3,16.9,,,,,,,,,2.8,,3.2,4.2,74.8,39.0,30.3,39.0,17.3,37.9,53.5,15.8,39.1,33.2,22.4,5.3,36.8,24.4,37.1,1.6,,,,58.0,31.9,5.9,4.2,42.6,20.9,26.5,9.9,43.3,22.8,22.8,11.1,25.0,8.9,59.4,6.7,4.3,18.9,74.5,2.3,34.0,,14.5,14.7,16.6
65,65,Totaal mannen en vrouwen,Totaal,Gestandaardiseerd inkomen: 3e 20%-groep,Waarde,2018/2019,21.0,31.4,47.6,75.8,12.0,12.2,9.9,9.1,1.1,45.6,44.4,4.3,6.4,20.7,1.5,3.6,10.3,0.3,0.9,3.7,0.8,2.4,7.8,0.5,1.2,4.5,0.4,1.4,5.7,5.1,8.0,22.8,174.0,78.4,1.8,52.9,45.3,32.3,12.9,47.7,54.4,79.9,51.7,22.4,22.8,,,,,,,,,2.5,,3.4,4.2,71.8,32.6,29.9,39.2,18.1,39.7,52.3,14.0,46.9,26.0,22.9,4.3,35.8,19.3,43.4,1.5,,,,50.8,38.8,5.9,4.5,32.4,24.2,32.2,11.1,34.7,26.1,27.1,12.2,22.6,6.3,65.0,6.1,3.3,14.9,79.8,2.0,22.6,,14.6,10.1,12.5
74,74,Totaal mannen en vrouwen,Totaal,Gestandaardiseerd inkomen: 4e 20%-groep,Waarde,2018/2019,16.8,32.8,50.4,81.7,8.5,9.8,9.9,9.1,1.1,38.9,38.1,3.5,5.9,20.5,1.6,3.8,9.9,0.3,0.8,3.6,1.0,2.7,7.1,0.6,1.7,4.7,0.4,1.0,5.6,4.2,7.8,22.2,175.3,78.9,2.3,54.3,43.5,31.2,12.3,50.5,55.9,83.3,59.6,26.7,26.7,,,,,,,,,2.7,,3.2,4.5,73.8,36.2,27.8,39.6,19.2,42.3,55.2,15.2,52.3,23.0,21.1,3.7,38.8,14.9,45.2,1.0,,,,49.2,38.0,6.8,6.0,32.1,25.7,31.2,11.1,32.9,27.4,26.6,13.1,22.9,5.6,64.9,6.6,2.9,14.9,80.5,1.6,21.1,,15.7,10.0,11.6
83,83,Totaal mannen en vrouwen,Totaal,Gestandaardiseerd inkomen: 5e 20%-groep,Waarde,2018/2019,15.1,32.1,52.8,86.1,7.1,6.8,11.4,11.0,1.3,32.4,31.5,2.8,5.3,22.0,1.5,3.7,9.5,0.4,1.0,3.3,1.0,3.2,7.4,0.5,1.4,4.1,0.5,1.4,5.0,3.7,7.1,23.2,176.1,78.1,2.0,58.3,39.7,30.8,9.0,54.5,58.7,86.9,67.8,30.0,32.1,,,,,,,,,2.1,,3.5,4.1,73.2,35.8,30.5,41.4,23.2,47.4,63.6,20.6,58.9,18.5,19.9,2.7,42.9,14.8,41.6,0.8,,,,46.2,42.8,5.5,5.5,29.0,30.7,29.8,10.4,30.0,31.1,26.6,12.4,24.0,6.5,63.6,6.0,3.0,14.0,81.5,1.5,18.5,,16.6,7.2,12.4
92,92,Totaal mannen en vrouwen,Totaal,Migratieachtergrond: Nederland,Waarde,2018/2019,20.2,32.7,47.1,81.3,10.2,8.5,11.5,10.4,1.2,38.5,37.7,3.9,6.6,21.7,1.6,3.7,10.4,0.4,1.0,4.3,1.0,2.6,7.6,0.5,1.3,4.8,0.5,1.4,5.8,4.6,8.4,23.3,175.2,79.0,2.1,54.5,43.4,30.7,12.7,48.1,54.2,80.4,55.4,23.1,25.9,,,,,,,,,2.4,,3.0,3.8,72.4,35.9,28.2,38.2,18.0,40.5,54.0,14.6,49.4,25.7,21.1,3.8,40.1,17.7,41.3,0.8,,,,50.8,38.3,5.6,5.4,32.9,25.8,29.7,11.6,33.6,26.6,26.2,13.6,22.5,6.1,65.3,6.1,3.3,15.8,79.2,1.7,23.3,,15.4,11.2,13.8
101,101,Totaal mannen en vrouwen,Totaal,Migratieachtergrond: westers,Waarde,2018/2019,23.5,34.4,42.1,76.7,11.6,11.8,11.4,9.4,1.1,44.4,43.5,5.7,9.1,28.1,2.2,4.3,13.0,0.3,0.6,4.6,1.1,2.7,9.1,1.0,1.8,6.4,1.1,2.0,8.0,7.1,11.3,29.9,172.0,75.7,2.2,54.0,43.8,30.1,13.8,45.0,51.6,79.7,49.9,24.2,20.6,,,,,,,,,3.7,,3.7,6.4,67.0,31.1,31.3,41.7,26.0,50.6,64.3,20.2,47.1,24.6,21.9,6.4,37.9,21.6,37.4,3.1,,,,49.2,40.3,5.1,5.4,35.0,27.7,27.3,10.0,36.2,29.4,21.8,12.6,23.7,6.7,60.9,8.7,4.1,17.3,76.2,2.4,26.6,,12.9,,
110,110,Totaal mannen en vrouwen,Totaal,Migratieachtergrond: niet-westers,Waarde,2018/2019,23.7,15.2,61.1,43.5,16.9,39.6,8.6,6.1,0.9,71.3,70.0,7.4,10.9,21.6,2.4,4.2,9.9,1.0,1.5,3.1,1.1,2.4,7.0,1.3,2.5,4.8,1.1,2.1,5.9,8.3,12.3,22.7,169.7,75.1,2.4,50.6,47.1,33.1,14.0,40.5,44.2,79.5,44.3,22.9,16.3,,,,,,,,,2.5,,6.7,8.8,71.8,34.8,31.0,40.1,27.4,48.4,65.5,20.8,40.7,12.3,39.8,7.2,21.1,16.3,59.1,3.4,,,,46.7,34.6,13.5,5.2,28.8,21.9,35.9,13.4,32.5,24.7,32.1,10.7,13.5,6.4,71.1,9.1,3.9,9.7,82.5,3.8,15.9,,10.0,,
119,119,Totaal mannen en vrouwen,Jonger dan 25 jaar,Totaal ,Waarde,2018/2019,18.0,5.7,76.3,60.3,8.1,31.6,19.7,12.8,1.2,51.5,46.6,8.2,14.9,25.2,3.6,7.6,11.8,0.7,2.3,3.7,2.4,5.9,9.4,0.8,2.5,3.8,0.9,3.0,6.3,9.9,17.4,26.4,175.8,71.7,5.6,77.7,16.7,13.6,3.1,51.1,53.9,89.9,67.4,22.4,42.4,,,,,,,,,7.2,,5.4,10.0,90.9,65.4,25.9,34.5,24.7,46.4,46.2,9.5,12.0,2.9,81.4,3.7,2.5,3.4,92.1,2.1,,,,26.2,33.8,24.9,15.2,6.6,9.3,62.6,21.5,10.8,16.1,53.4,19.7,2.7,2.7,85.4,9.2,0.7,2.7,92.5,4.1,4.2,,4.6,,
128,128,Totaal mannen en vrouwen,Jonger dan 25 jaar,Onderwijsniveau: 1 laag,Waarde,2018/2019,,,,,,,,,,,,,,,,,,,,,,,,,,,,,,,,,,,,,,,,,,,,,,,,,,,,,,,,,,,,,,,,,,,,,,,,,,,,,,,,,,,,,,,,,,,,,,,,,,,,,
137,137,Totaal mannen en vrouwen,Jonger dan 25 jaar,Onderwijsniveau: 2 middelbaar,Waarde,2018/2019,,,,,,,,,,,,,,,,,,,,,,,,,,,,,,,,,,,,,,,,,,,,,,,,,,,,,,,,,,,,,,,,,,,,,,,,,,,,,,,,,,,,,,,,,,,,,,,,,,,,,
146,146,Totaal mannen en vrouwen,Jonger dan 25 jaar,Onderwijsniveau: 3 hoog,Waarde,2018/2019,,,,,,,,,,,,,,,,,,,,,,,,,,,,,,,,,,,,,,,,,,,,,,,,,,,,,,,,,,,,,,,,,,,,,,,,,,,,,,,,,,,,,,,,,,,,,,,,,,,,,
155,155,Totaal mannen en vrouwen,Jonger dan 25 jaar,Onderwijsniveau: weet niet of onbekend,Waarde,2018/2019,,,,,,,,,,,,,,,,,,,,,,,,,,,,,,,,,,,,,,,,,,,,,,,,,,,,,,,,,,,,,,,,,,,,,,,,,,,,,,,,,,,,,,,,,,,,,,,,,,,,,
164,164,Totaal mannen en vrouwen,Jonger dan 25 jaar,Gestandaardiseerd inkomen: 1e 20%-groep,Waarde,2018/2019,22.0,7.5,70.5,59.2,6.1,34.6,23.9,17.7,1.5,51.1,47.8,11.2,20.3,35.1,6.9,12.0,19.7,1.5,5.4,8.3,4.0,9.3,15.6,1.7,4.1,7.1,1.9,4.2,12.7,14.6,24.2,36.3,175.6,70.9,5.8,74.6,19.6,15.2,4.4,49.9,52.6,89.6,58.2,23.0,31.1,,,,,,,,,8.2,,8.4,15.3,86.3,58.6,27.0,35.0,27.7,49.2,47.4,10.2,18.1,3.5,75.5,3.0,4.9,4.0,88.8,2.4,,,,27.1,35.5,23.4,14.0,10.8,10.3,60.2,18.7,13.4,17.2,51.7,17.6,2.9,2.2,86.1,8.9,0.7,4.0,92.3,3.0,4.3,,4.5,,
173,173,Totaal mannen en vrouwen,Jonger dan 25 jaar,Gestandaardiseerd inkomen: 2e 20%-groep,Waarde,2018/2019,19.1,3.5,77.4,53.5,9.8,36.7,15.5,8.7,1.0,59.6,54.0,9.0,14.5,24.2,3.7,7.5,10.6,0.5,1.6,3.4,2.0,4.5,7.9,1.5,3.1,3.9,0.6,2.7,4.9,10.7,17.6,25.5,174.8,71.7,6.3,74.1,19.6,16.0,3.6,48.2,51.8,88.1,59.3,17.5,35.2,,,,,,,,,8.9,,5.7,10.8,,,25.7,34.8,23.0,42.5,41.6,10.9,13.3,2.3,82.6,1.9,3.0,4.3,91.7,1.0,,,,21.9,35.7,30.7,11.7,4.3,12.3,65.4,18.0,8.5,18.7,56.1,16.7,2.2,1.8,87.8,8.2,0.4,1.3,95.2,3.1,4.1,,5.1,,
182,182,Totaal mannen en vrouwen,Jonger dan 25 jaar,Gestandaardiseerd inkomen: 3e 20%-groep,Waarde,2018/2019,16.0,3.8,80.2,55.2,10.5,34.2,15.9,9.7,1.0,58.2,51.9,6.8,11.5,19.1,1.2,4.9,6.9,0.2,0.6,1.3,1.0,3.2,5.2,0.0,1.1,2.0,0.0,2.6,3.7,7.3,12.8,20.1,175.6,72.0,4.4,79.2,16.5,13.5,3.0,50.4,54.2,89.6,67.0,22.3,43.1,,,,,,,,,7.3,,3.9,5.8,,,25.7,33.9,21.7,46.1,42.0,7.0,8.6,4.1,83.1,4.2,0.6,5.4,91.1,2.9,,,,32.0,31.4,23.1,13.6,6.4,8.9,62.6,22.1,11.7,17.0,51.7,19.6,3.9,4.1,82.0,9.9,1.0,2.0,92.6,4.4,4.7,,5.0,,
191,191,Totaal mannen en vrouwen,Jonger dan 25 jaar,Gestandaardiseerd inkomen: 4e 20%-groep,Waarde,2018/2019,17.5,5.3,77.2,63.5,6.8,29.7,16.0,9.4,1.1,48.6,43.7,7.8,14.3,22.8,3.4,6.7,10.3,0.4,1.3,2.3,2.8,5.2,7.8,0.6,2.8,3.8,0.8,2.4,4.8,9.4,16.7,24.6,176.4,71.6,6.6,79.5,14.0,11.4,2.6,53.1,55.4,91.2,73.3,24.3,49.1,,,,,,,,,5.1,,4.4,9.6,92.8,69.9,23.4,31.9,23.9,45.5,44.6,8.3,12.2,3.1,78.4,6.3,1.6,3.6,92.4,2.4,,,,22.1,33.1,26.1,18.8,4.4,9.3,63.3,23.0,8.8,12.2,56.1,22.8,2.0,1.5,86.8,9.7,0.9,2.8,92.0,4.3,4.6,,4.5,,
200,200,Totaal mannen en vrouwen,Jonger dan 25 jaar,Gestandaardiseerd inkomen: 5e 20%-groep,Waarde,2018/2019,15.5,7.6,76.9,68.3,7.5,24.2,25.3,16.5,1.5,42.5,37.4,7.1,14.5,25.3,2.6,6.9,11.1,0.9,2.1,3.2,2.2,6.9,10.0,0.4,1.4,2.6,1.0,2.9,5.0,8.0,16.5,25.9,176.5,72.4,5.0,81.2,13.8,11.6,2.1,53.2,55.2,91.3,78.9,24.0,54.7,,,,,,,,,7.7,,4.1,8.2,97.2,73.7,28.0,37.8,26.2,47.5,53.6,11.3,7.4,1.7,87.9,3.0,1.9,0.5,96.2,1.5,,,,27.6,33.3,22.5,16.6,5.2,5.5,64.0,25.2,10.5,15.1,53.4,21.0,2.4,3.3,86.5,7.8,0.5,2.5,92.9,4.2,3.1,,4.7,,
209,209,Totaal mannen en vrouwen,Jonger dan 25 jaar,Migratieachtergrond: Nederland,Waarde,2018/2019,18.4,6.0,75.6,65.4,7.9,26.6,22.0,12.7,1.2,46.1,41.9,7.6,15.9,27.2,3.4,7.2,11.4,0.7,2.0,3.9,2.6,5.6,9.4,0.7,2.3,3.8,0.4,2.6,5.5,9.0,18.0,28.0,176.7,71.9,5.4,80.7,14.0,11.7,2.2,51.6,55.5,87.7,70.7,21.8,47.5,,,,,,,,,6.9,,4.5,8.1,94.2,67.1,22.5,31.8,21.3,43.9,42.2,7.0,10.3,2.3,84.7,2.7,2.5,4.3,92.3,1.0,,,,26.9,34.2,22.9,16.0,5.8,9.3,59.1,25.8,11.5,14.6,51.1,22.8,2.7,3.1,85.5,8.8,0.9,3.3,92.4,3.4,3.4,,4.8,,
218,218,Totaal mannen en vrouwen,Jonger dan 25 jaar,Migratieachtergrond: westers,Waarde,2018/2019,,,,,,,,,,,,,,,,,,,,,,,,,,,,,,,,,,,6.3,79.6,14.1,10.1,4.0,42.8,45.2,84.1,55.1,17.3,33.5,,,,,,,,,,,,,,,29.2,39.9,31.4,53.2,54.0,12.5,,,,,,,,,,,,,,,,,,,,,,,,,,,,,,,,,,,,
227,227,Totaal mannen en vrouwen,Jonger dan 25 jaar,Migratieachtergrond: niet-westers,Waarde,2018/2019,15.7,4.0,80.4,36.0,10.5,53.6,,,,75.2,70.1,3.4,7.7,15.8,0.6,2.7,5.6,0.0,0.0,0.0,0.6,2.1,4.1,0.6,0.6,1.2,0.0,1.1,2.6,4.0,9.7,17.3,,,4.5,69.8,25.7,20.4,5.3,43.5,44.6,91.7,58.1,20.3,31.5,,,,,,,,,3.7,,6.4,10.9,,,31.3,40.3,30.7,52.0,59.5,15.2,,,,,,,,,,,,25.2,32.5,29.6,12.6,5.8,11.8,59.1,23.4,11.8,16.3,51.8,20.1,4.4,0.7,81.3,13.6,1.4,1.9,89.3,7.4,4.2,,8.0,,
236,236,Totaal mannen en vrouwen,25 tot 45 jaar,Totaal ,Waarde,2018/2019,26.5,22.4,51.1,81.5,9.7,8.8,10.6,7.9,1.1,36.3,36.3,7.2,10.7,38.7,3.7,7.9,21.9,1.2,2.7,9.6,1.9,5.6,17.6,1.8,3.6,10.9,1.1,2.8,12.8,9.1,15.0,42.1,175.9,78.1,1.8,54.0,44.2,31.5,12.7,50.4,56.8,81.0,58.7,29.8,20.2,,,,,,,,,3.0,,7.2,9.4,69.2,30.1,25.4,35.7,19.0,40.4,54.0,14.4,59.1,8.6,29.9,2.4,8.6,12.6,77.8,1.0,,,,36.9,49.9,7.6,5.6,15.8,24.7,45.6,13.8,21.6,32.5,33.3,12.6,5.2,4.7,83.4,6.7,1.4,7.3,90.0,1.4,6.3,,9.2,10.0,16.7
245,245,Totaal mannen en vrouwen,25 tot 45 jaar,Onderwijsniveau: 1 laag,Waarde,2018/2019,46.5,19.4,34.2,64.8,16.8,18.5,11.9,13.0,1.3,50.4,50.4,11.0,14.4,35.0,3.9,7.2,20.0,1.6,2.8,10.3,0.7,2.9,15.7,2.0,3.5,12.4,0.8,2.1,11.3,13.0,17.3,38.6,173.9,79.1,2.5,42.9,54.6,35.7,18.9,39.9,47.2,70.6,33.9,18.0,11.1,,,,,,,,,3.2,,7.8,9.6,69.8,32.6,20.7,30.2,15.2,27.9,50.6,12.2,52.0,13.1,31.9,3.1,9.8,12.0,76.2,2.1,,,,41.6,44.8,8.9,4.8,19.6,21.3,44.1,15.0,25.1,28.1,34.2,12.6,5.3,4.8,83.0,6.9,1.9,8.9,87.0,2.2,7.6,,9.2,,
254,254,Totaal mannen en vrouwen,25 tot 45 jaar,Onderwijsniveau: 2 middelbaar,Waarde,2018/2019,31.6,24.0,44.4,81.3,10.7,8.0,9.8,7.1,1.0,36.8,36.8,8.6,11.4,37.9,3.5,7.1,21.8,1.0,2.2,10.2,1.5,4.8,18.2,1.9,3.5,11.2,1.4,2.7,12.7,9.9,14.6,41.0,176.1,80.4,1.6,46.5,51.9,35.7,16.1,46.8,54.7,77.5,53.6,26.4,19.5,,,,,,,,,3.4,,6.4,9.0,66.3,30.9,24.1,33.9,16.9,36.2,51.2,13.7,59.1,7.8,31.1,2.0,8.3,14.6,76.6,0.4,,,,36.7,50.8,6.7,5.8,16.9,25.5,45.1,12.5,22.3,32.8,32.7,12.3,5.0,4.9,83.1,7.0,1.7,7.6,89.5,1.2,6.5,,11.2,10.4,15.8
263,263,Totaal mannen en vrouwen,25 tot 45 jaar,Onderwijsniveau: 3 hoog,Waarde,2018/2019,15.9,22.1,62.0,87.8,6.7,5.5,10.9,7.4,1.1,30.4,30.4,4.8,9.1,41.2,4.0,9.1,23.0,1.3,3.0,9.0,2.7,7.3,18.2,1.6,3.9,10.4,1.0,3.1,13.7,7.4,14.7,44.7,176.5,75.7,1.6,64.6,33.8,26.4,7.4,56.5,61.2,87.1,71.3,36.8,24.1,,,,,,,,,2.5,,7.6,9.7,71.6,29.1,28.2,38.9,22.1,48.1,57.7,15.9,61.4,8.3,28.4,2.0,8.4,11.0,79.7,0.9,,,,35.7,51.0,7.9,5.4,13.6,25.2,46.8,14.3,19.9,33.8,33.8,12.5,5.1,4.4,84.6,5.9,1.0,6.3,91.8,0.9,5.6,,7.4,7.6,18.0
272,272,Totaal mannen en vrouwen,25 tot 45 jaar,Onderwijsniveau: weet niet of onbekend,Waarde,2018/2019,,,,,,,,,,,,,,,,,,,,,,,,,,,,,,,,,,,,,,,,,,,,,,,,,,,,,,,,,,,,,,,,,,,,,,,,,,,,,,,,,,,,,,,,,,,,,,,,,,,,,
281,281,Totaal mannen en vrouwen,25 tot 45 jaar,Gestandaardiseerd inkomen: 1e 20%-groep,Waarde,2018/2019,36.2,17.2,46.5,63.8,17.6,18.6,12.3,7.6,1.0,54.1,54.1,13.0,17.5,42.6,5.8,9.9,26.1,2.9,5.1,13.3,2.7,6.0,20.9,2.5,4.5,12.9,1.5,4.2,16.1,16.2,22.9,45.5,172.9,77.0,2.4,47.9,49.7,33.1,16.6,45.2,52.2,78.2,40.6,21.5,10.4,,,,,,,,,4.0,,12.0,15.8,65.4,30.5,26.7,34.6,21.8,39.6,52.6,12.9,51.9,8.0,36.3,3.8,9.8,12.8,76.4,1.1,,,,42.4,46.5,7.0,4.0,17.4,25.2,43.7,13.7,24.6,31.9,32.2,11.3,7.6,5.3,78.9,8.2,2.7,8.0,87.6,1.7,8.5,,11.0,,
290,290,Totaal mannen en vrouwen,25 tot 45 jaar,Gestandaardiseerd inkomen: 2e 20%-groep,Waarde,2018/2019,34.2,20.8,45.0,78.0,10.6,11.3,10.8,9.4,1.1,37.9,37.9,7.6,10.5,38.1,3.8,6.9,21.1,1.2,2.7,10.4,1.8,4.6,17.0,1.4,3.2,10.8,2.1,3.2,13.2,8.6,13.7,40.6,175.1,79.8,1.4,47.2,51.4,32.8,18.6,48.9,55.6,77.4,49.8,25.7,15.8,,,,,,,,,3.0,,5.9,8.4,72.4,32.6,24.1,33.4,19.3,39.1,53.2,14.8,54.7,10.9,32.0,2.4,6.8,12.0,80.4,0.8,,,,37.7,48.1,8.1,6.1,18.7,22.1,45.4,13.8,24.8,29.9,32.6,12.7,4.2,5.3,84.0,6.5,0.8,9.7,88.3,1.2,7.0,,10.7,,
299,299,Totaal mannen en vrouwen,25 tot 45 jaar,Gestandaardiseerd inkomen: 3e 20%-groep,Waarde,2018/2019,27.7,24.9,47.5,83.4,9.5,7.1,9.8,7.0,1.1,36.3,36.3,6.7,10.3,36.0,3.2,7.0,21.5,0.8,2.3,8.0,2.0,5.4,17.3,1.6,2.8,9.8,0.8,2.1,12.1,8.4,13.7,40.6,175.8,78.1,1.7,51.7,46.6,34.7,11.9,51.9,59.1,80.3,56.7,29.2,19.4,,,,,,,,,2.8,,5.9,7.4,71.2,28.3,27.3,37.0,16.1,34.7,49.4,12.3,62.8,9.0,26.3,1.9,8.8,14.7,75.9,0.6,,,,33.3,55.2,6.6,4.9,14.2,24.1,48.3,13.4,20.0,33.1,34.1,12.8,4.2,3.7,85.8,6.3,1.1,7.1,90.6,1.2,5.4,,10.8,9.6,15.4
308,308,Totaal mannen en vrouwen,25 tot 45 jaar,Gestandaardiseerd inkomen: 4e 20%-groep,Waarde,2018/2019,21.2,25.1,53.7,87.5,7.0,5.5,9.4,6.5,1.0,31.1,31.1,5.3,9.2,37.7,2.8,7.6,21.2,0.5,1.5,8.6,1.3,5.1,16.6,1.7,3.8,11.2,0.5,1.7,12.1,6.7,13.4,41.3,177.5,78.9,1.7,55.8,42.5,30.9,11.6,49.5,55.3,81.6,66.5,32.8,24.2,,,,,,,,,3.3,,5.7,8.0,69.1,30.2,22.8,35.7,15.1,39.0,51.3,12.1,61.8,8.1,27.6,2.5,7.0,11.9,79.9,1.2,,,,38.0,47.0,8.2,6.8,15.7,24.6,44.9,14.7,20.3,33.3,33.2,13.1,4.7,4.4,84.3,6.6,1.0,5.9,91.9,1.2,5.4,,7.6,,
317,317,Totaal mannen en vrouwen,25 tot 45 jaar,Gestandaardiseerd inkomen: 5e 20%-groep,Waarde,2018/2019,17.4,22.9,59.6,91.1,5.4,3.5,11.4,8.7,1.1,25.5,25.5,4.1,7.0,40.6,3.5,8.4,21.0,0.9,2.3,8.6,1.8,7.1,17.4,1.6,3.9,10.2,0.8,2.9,11.4,6.6,12.1,43.6,177.5,77.2,1.4,63.0,35.5,27.5,8.1,54.4,59.8,85.8,74.1,37.9,28.2,,,,,,,,,1.7,,6.7,8.1,69.1,30.3,26.6,37.1,23.8,49.4,63.0,19.5,63.0,7.8,27.9,1.4,8.9,12.3,78.1,0.7,,,,34.3,52.4,7.4,5.9,13.7,27.8,45.5,13.0,19.3,34.3,34.1,12.4,4.8,5.1,85.3,4.7,1.3,6.4,91.5,0.7,6.2,,7.6,,
326,326,Totaal mannen en vrouwen,25 tot 45 jaar,Migratieachtergrond: Nederland,Waarde,2018/2019,24.9,23.8,51.3,89.5,7.8,2.7,10.6,7.2,1.1,27.4,27.4,6.2,9.7,39.6,3.1,7.7,23.4,0.8,2.1,10.6,1.8,5.7,18.5,1.5,3.0,11.8,0.9,2.8,13.2,7.8,14.2,43.6,177.9,79.5,1.8,55.6,42.6,29.9,12.7,52.0,58.2,81.9,63.8,29.6,24.4,,,,,,,,,2.6,,5.3,7.5,68.5,29.4,24.2,34.6,17.2,40.3,51.8,12.2,62.6,8.3,27.5,1.5,8.7,10.0,81.0,0.2,,,,33.9,52.7,7.2,6.2,12.7,25.0,47.8,14.5,18.3,32.7,34.7,14.3,3.7,4.4,86.6,5.4,1.0,7.8,90.6,0.6,5.3,,8.7,9.0,15.0
335,335,Totaal mannen en vrouwen,25 tot 45 jaar,Migratieachtergrond: westers,Waarde,2018/2019,27.0,28.0,45.0,84.8,9.8,5.3,10.3,7.8,0.9,36.0,36.0,7.9,12.7,47.6,4.4,8.3,21.6,1.0,1.9,10.3,2.1,5.0,16.4,2.6,4.9,13.5,2.3,3.1,14.7,10.3,17.6,49.9,174.0,75.0,1.1,59.4,39.6,27.8,11.8,50.3,57.6,82.4,55.7,31.9,16.4,,,,,,,,,4.9,,9.6,12.9,65.6,27.6,32.0,42.1,26.2,51.7,64.3,22.0,61.8,8.4,26.7,3.1,8.7,20.6,68.4,2.3,,,,38.7,49.9,5.7,5.7,19.3,25.5,41.9,13.3,24.6,33.2,26.2,16.0,6.4,5.1,78.2,10.3,2.1,7.6,87.3,3.0,9.7,,7.8,,
344,344,Totaal mannen en vrouwen,25 tot 45 jaar,Migratieachtergrond: niet-westers,Waarde,2018/2019,30.0,14.6,55.4,50.2,17.7,32.1,8.0,6.9,0.9,64.3,64.3,10.2,14.8,29.9,4.0,6.6,16.0,2.0,3.2,6.9,1.5,3.7,12.6,2.0,4.5,8.3,1.8,3.7,10.2,11.6,17.0,31.4,170.0,75.0,1.7,46.7,51.6,35.9,15.7,43.2,49.1,76.9,42.9,28.2,9.8,,,,,,,,,2.6,,8.7,11.5,69.9,29.2,26.5,34.3,24.8,45.3,64.5,18.8,45.5,8.4,39.5,6.6,12.3,17.5,67.9,2.4,,,,39.1,44.7,12.9,3.2,19.1,27.0,41.8,12.0,23.8,32.8,34.5,8.9,7.0,6.6,77.7,8.6,1.9,6.1,89.9,2.1,7.7,,9.0,,
353,353,Totaal mannen en vrouwen,45 tot 65 jaar,Totaal ,Waarde,2018/2019,22.9,35.7,41.4,79.8,11.8,8.4,10.0,11.1,1.2,40.2,40.2,3.0,4.1,17.3,0.7,1.3,6.5,0.2,0.3,2.3,0.3,0.7,3.8,0.2,0.4,3.3,0.4,0.5,3.6,3.3,4.7,18.3,174.7,80.8,0.8,41.5,57.7,39.4,18.2,49.1,55.7,79.3,48.7,23.4,17.4,,,,,,,,,1.9,,2.6,2.2,65.3,23.3,28.1,39.9,19.9,41.9,59.7,18.0,75.0,17.4,4.6,2.9,61.4,15.8,22.2,0.6,,,,54.4,40.5,2.0,3.0,38.9,33.7,19.9,7.5,38.0,31.5,20.1,10.4,28.8,6.5,58.8,5.9,4.3,17.8,76.3,1.6,18.7,,22.5,8.8,14.8
362,362,Totaal mannen en vrouwen,45 tot 65 jaar,Onderwijsniveau: 1 laag,Waarde,2018/2019,32.3,35.6,32.1,65.2,19.9,14.9,15.6,15.0,1.4,50.9,50.9,4.2,5.4,14.5,1.4,2.0,6.0,0.4,0.6,2.3,0.5,0.8,2.9,0.3,0.6,3.4,0.7,0.8,3.5,4.6,6.2,15.9,172.4,81.1,1.5,32.8,65.7,41.9,23.8,39.6,48.6,68.6,30.2,14.6,10.2,,,,,,,,,2.2,,1.7,1.5,,,25.0,35.9,16.0,32.9,55.2,12.7,67.4,21.5,6.8,4.3,63.2,16.4,19.2,1.2,,,,64.4,29.5,2.9,3.2,48.9,26.7,17.6,6.9,46.2,23.7,20.2,9.9,33.5,6.1,53.8,6.5,6.2,19.4,71.6,2.8,23.7,,18.4,13.4,16.1
371,371,Totaal mannen en vrouwen,45 tot 65 jaar,Onderwijsniveau: 2 middelbaar,Waarde,2018/2019,23.7,35.6,40.7,82.3,10.2,7.5,9.9,10.9,1.2,38.5,38.5,2.4,3.4,15.4,0.7,1.2,5.8,0.2,0.3,2.1,0.4,0.8,3.5,0.2,0.5,3.3,0.4,0.6,3.3,2.7,3.9,16.2,174.7,81.2,0.5,40.2,59.4,40.7,18.7,48.5,55.1,79.6,47.2,23.3,17.1,,,,,,,,,2.3,,2.4,1.8,65.9,23.8,27.2,39.9,18.2,39.6,57.4,17.0,77.4,17.1,3.4,2.1,63.2,14.3,22.1,0.4,,,,54.1,41.8,1.3,2.8,38.0,33.3,21.2,7.6,37.8,31.9,20.3,9.9,27.6,6.0,61.5,4.8,3.6,16.6,78.7,1.1,17.4,,24.4,8.4,12.7
380,380,Totaal mannen en vrouwen,45 tot 65 jaar,Onderwijsniveau: 3 hoog,Waarde,2018/2019,14.1,36.7,49.3,90.7,6.3,3.0,6.8,9.3,1.2,31.5,31.5,2.7,4.1,22.6,0.3,0.9,8.0,0.1,0.2,2.4,0.2,0.6,5.1,0.0,0.1,3.4,0.2,0.3,4.3,2.8,4.5,23.7,176.9,79.9,0.8,51.0,48.2,35.8,12.4,58.3,62.7,87.5,66.2,31.0,24.2,,,,,,,,,1.3,,3.4,3.1,66.2,19.3,31.6,42.6,25.0,52.2,66.3,23.6,80.0,14.1,3.7,2.2,57.6,17.5,24.9,0.0,,,,46.2,48.7,2.2,2.9,31.1,40.5,20.8,7.6,30.4,37.7,20.5,11.3,26.3,7.1,60.3,6.3,3.4,17.7,78.2,0.7,15.8,,24.2,6.5,17.0
389,389,Totaal mannen en vrouwen,45 tot 65 jaar,Onderwijsniveau: weet niet of onbekend,Waarde,2018/2019,26.9,26.9,46.2,45.3,25.5,29.2,,,,76.0,76.0,3.7,3.7,10.8,0.0,0.0,3.6,0.0,0.0,2.8,0.0,0.0,1.0,0.0,0.0,1.8,0.0,0.0,2.6,3.7,3.7,10.8,170.5,81.4,0.0,30.3,69.7,40.1,29.6,35.7,43.8,73.1,33.4,13.8,6.8,,,,,,,,,,,,,,,30.0,44.7,22.0,40.1,60.3,19.2,,,,,,,,,,,,64.1,25.9,0.8,9.2,53.2,25.0,10.9,10.9,57.5,21.2,10.2,11.0,33.1,9.7,42.8,14.4,7.5,24.2,56.7,11.6,27.1,,8.6,,
398,398,Totaal mannen en vrouwen,45 tot 65 jaar,Gestandaardiseerd inkomen: 1e 20%-groep,Waarde,2018/2019,41.3,26.9,31.8,58.4,21.5,20.1,16.7,16.1,1.5,57.6,57.6,8.8,11.3,26.5,1.5,1.8,10.8,0.6,0.8,4.1,0.4,0.4,5.2,0.5,0.7,7.4,0.9,0.9,6.0,9.4,11.9,27.9,171.2,79.2,1.3,38.9,59.8,35.8,24.0,36.1,42.5,71.0,25.7,11.8,7.1,,,,,,,,,4.5,,3.3,2.5,,,24.0,31.3,19.5,34.6,58.5,18.5,64.9,21.6,9.2,4.3,53.9,19.7,25.2,1.3,,,,60.8,32.8,3.2,3.2,47.4,27.0,17.8,7.8,47.4,25.4,18.7,8.5,28.1,8.8,55.5,7.6,7.5,22.1,67.1,3.3,25.3,,18.4,12.1,19.6
407,407,Totaal mannen en vrouwen,45 tot 65 jaar,Gestandaardiseerd inkomen: 2e 20%-groep,Waarde,2018/2019,29.8,31.8,38.4,70.2,13.8,16.0,10.5,10.2,1.2,50.7,50.7,3.1,4.5,17.0,1.1,1.3,6.7,0.3,0.3,2.3,0.6,0.8,3.7,0.1,0.4,2.7,0.6,1.0,4.3,3.5,5.1,18.2,173.3,81.1,1.6,37.4,61.1,36.9,24.1,42.5,50.1,74.3,35.6,15.6,10.2,,,,,,,,,2.7,,2.5,2.5,,,28.1,36.5,16.3,38.3,56.1,15.6,73.1,16.4,7.6,2.9,56.9,19.3,22.5,1.3,,,,59.9,36.7,1.4,2.1,43.4,29.9,20.4,6.3,42.8,28.9,19.6,8.7,27.3,6.3,60.5,6.0,5.0,18.3,74.2,2.5,23.6,,21.6,15.0,20.4
416,416,Totaal mannen en vrouwen,45 tot 65 jaar,Gestandaardiseerd inkomen: 3e 20%-groep,Waarde,2018/2019,24.9,36.9,38.2,79.9,13.2,6.8,9.5,11.3,1.2,41.7,41.7,3.2,3.7,19.0,0.6,1.3,7.7,0.1,0.1,3.2,0.1,0.5,5.4,0.2,0.6,3.7,0.3,0.5,4.2,3.7,4.3,20.3,174.6,81.2,0.5,39.3,60.2,40.7,19.5,47.3,56.2,75.2,44.8,21.2,15.6,,,,,,,,,1.6,,3.1,3.2,58.8,20.0,28.5,40.8,18.1,41.2,54.2,15.6,71.4,20.9,4.6,3.2,59.8,16.7,22.5,1.0,,,,54.3,40.9,2.2,2.6,36.6,32.4,22.5,8.5,36.7,30.2,22.5,10.7,27.7,6.1,61.4,4.9,4.0,17.6,77.4,1.0,17.0,,21.0,8.8,14.5
425,425,Totaal mannen en vrouwen,45 tot 65 jaar,Gestandaardiseerd inkomen: 4e 20%-groep,Waarde,2018/2019,17.5,38.9,43.6,84.2,9.6,6.2,9.2,10.5,1.2,36.7,36.7,1.5,2.0,14.0,0.6,1.4,5.3,0.2,0.4,1.9,0.4,1.0,2.8,0.1,0.3,2.3,0.4,0.4,3.0,1.7,2.7,15.0,175.3,81.9,0.4,39.5,60.1,40.9,19.1,51.1,58.1,79.5,51.7,26.5,17.2,,,,,,,,,1.9,,2.2,1.7,71.3,24.3,27.0,41.4,19.6,42.4,57.7,16.6,77.3,17.4,2.9,2.5,63.8,11.2,24.7,0.3,,,,53.5,40.7,2.3,3.5,37.7,33.2,21.2,7.9,36.5,31.9,20.2,11.4,28.3,5.8,60.3,5.6,3.6,17.6,77.3,1.4,18.3,,23.7,7.9,13.2
434,434,Totaal mannen en vrouwen,45 tot 65 jaar,Gestandaardiseerd inkomen: 5e 20%-groep,Waarde,2018/2019,15.6,38.1,46.3,88.9,7.8,3.2,8.8,10.4,1.2,31.0,31.0,1.4,2.7,15.2,0.4,0.9,4.9,0.1,0.2,1.3,0.3,0.6,3.2,0.1,0.3,2.4,0.2,0.3,2.5,1.5,3.1,15.9,176.3,80.2,0.9,46.8,52.3,40.0,12.3,56.3,61.0,86.5,63.1,30.0,25.6,,,,,,,,,1.0,,2.5,1.9,66.3,22.1,30.2,42.8,22.3,46.1,65.7,21.1,80.7,14.1,2.5,2.6,66.3,15.2,18.4,0.1,,,,50.4,45.0,1.3,3.3,35.5,39.1,18.4,7.1,34.0,35.3,19.7,11.0,30.7,6.3,57.0,6.0,3.3,16.3,79.2,1.1,15.6,,24.2,6.1,12.8
443,443,Totaal mannen en vrouwen,45 tot 65 jaar,Migratieachtergrond: Nederland,Waarde,2018/2019,23.5,38.3,38.2,84.7,11.0,4.3,10.3,11.8,1.3,36.3,36.3,2.5,3.5,17.4,0.6,1.1,6.1,0.2,0.3,2.5,0.3,0.6,3.6,0.1,0.3,3.0,0.4,0.5,3.7,2.7,4.0,18.1,175.8,81.7,0.8,42.4,56.7,38.8,18.0,49.7,57.4,78.6,49.5,23.4,18.2,,,,,,,,,1.6,,2.1,1.5,61.0,22.0,27.3,38.7,18.4,41.1,57.4,16.7,78.2,16.8,2.6,2.4,63.5,15.2,20.9,0.4,,,,54.0,41.7,1.3,3.0,36.6,35.4,20.0,8.0,35.2,32.0,21.2,11.6,25.9,5.8,62.4,5.9,4.0,18.5,76.3,1.2,17.8,,23.3,9.5,15.3
452,452,Totaal mannen en vrouwen,45 tot 65 jaar,Migratieachtergrond: westers,Waarde,2018/2019,27.4,41.6,31.0,79.7,13.5,6.8,11.5,8.7,1.1,40.1,40.1,2.3,3.3,20.9,0.4,1.3,12.1,0.0,0.0,3.5,0.4,1.3,7.6,0.0,0.4,6.4,0.0,0.8,5.9,2.7,4.6,23.5,172.3,77.8,1.6,42.1,56.3,39.8,16.5,48.0,57.3,78.0,49.4,26.4,18.7,,,,,,,,,1.2,,1.2,3.1,,,28.8,41.8,21.4,48.2,66.3,18.2,63.4,20.8,9.5,6.3,65.3,15.2,17.5,2.1,,,,47.9,46.7,2.1,3.3,35.5,37.3,19.9,7.3,34.0,38.2,18.6,9.2,27.5,6.9,58.9,6.7,3.4,19.0,76.7,0.9,22.1,,22.0,,
461,461,Totaal mannen en vrouwen,45 tot 65 jaar,Migratieachtergrond: niet-westers,Waarde,2018/2019,22.2,22.6,55.2,39.9,19.5,40.6,,,,77.1,77.1,7.0,8.8,17.3,2.3,2.7,5.6,0.6,0.6,0.6,1.2,1.2,2.7,1.2,1.6,2.7,1.2,1.2,3.3,7.5,8.8,17.8,168.7,77.3,0.0,30.5,69.5,48.1,21.3,34.4,37.4,67.8,28.7,21.3,6.4,,,,,,,,,1.6,,4.9,4.4,,,34.4,46.4,27.9,48.7,69.7,27.9,,,,,,,,,,,,64.9,25.0,6.0,4.1,50.6,20.9,18.4,10.1,52.6,19.2,21.7,6.5,26.3,8.0,58.3,7.3,8.3,15.0,72.8,3.9,26.0,,13.5,,
470,470,Totaal mannen en vrouwen,65 jaar of ouder,Totaal ,Waarde,2018/2019,11.8,54.0,34.2,75.4,15.2,9.4,7.4,10.4,1.3,52.4,52.4,0.6,0.7,4.2,0.2,0.3,1.5,0.0,0.0,0.4,0.0,0.0,0.1,0.0,0.0,0.5,0.2,0.2,1.1,0.7,1.0,4.7,170.5,76.9,1.1,40.5,58.5,41.1,17.3,38.7,44.5,73.7,36.0,16.4,12.7,,,,,,,,,0.9,,0.4,0.3,,,40.6,48.7,16.2,38.0,67.1,24.8,17.3,65.2,9.6,7.9,55.6,37.4,4.7,2.4,,,,77.6,19.7,0.8,1.9,64.4,22.2,7.7,5.8,61.9,18.5,9.9,9.7,48.6,11.8,33.0,6.6,6.7,29.7,61.3,2.3,62.4,,17.0,14.8,10.8
479,479,Totaal mannen en vrouwen,65 jaar of ouder,Onderwijsniveau: 1 laag,Waarde,2018/2019,13.3,50.4,36.4,67.1,19.2,13.7,8.7,9.7,1.2,59.7,59.7,0.6,0.7,1.6,0.2,0.3,0.9,0.0,0.0,0.1,0.0,0.0,0.0,0.0,0.0,0.3,0.1,0.2,0.7,0.8,1.0,2.2,168.4,76.4,0.9,36.8,62.3,41.2,21.1,30.3,36.6,67.4,28.1,12.5,9.9,,,,,,,,,0.4,,0.4,0.1,,,39.2,47.6,13.3,32.1,62.5,18.9,15.9,65.1,10.3,8.7,53.4,39.9,4.6,2.0,,,,80.8,16.4,0.9,1.9,68.5,17.9,7.0,6.5,65.2,15.4,9.7,9.7,47.6,12.2,33.5,6.7,6.9,29.3,61.0,2.8,62.9,,13.5,16.9,8.5
488,488,Totaal mannen en vrouwen,65 jaar of ouder,Onderwijsniveau: 2 middelbaar,Waarde,2018/2019,12.5,57.5,30.1,81.8,12.3,5.9,6.6,11.5,1.3,46.1,46.1,0.4,0.4,4.7,0.1,0.3,1.8,0.0,0.1,0.5,0.0,0.0,0.0,0.0,0.0,0.7,0.1,0.2,1.2,0.5,0.7,5.4,171.8,77.9,0.9,40.5,58.6,42.9,15.7,42.5,48.0,76.7,39.7,17.5,13.3,,,,,,,,,1.4,,0.4,0.4,,,40.5,49.3,15.6,39.4,67.5,27.9,18.4,68.6,8.3,4.7,54.3,38.9,5.1,1.7,,,,78.4,19.7,0.6,1.3,65.4,22.7,7.5,4.4,62.5,18.7,9.1,9.8,50.1,13.2,32.1,4.7,7.2,30.4,60.8,1.5,61.2,,19.8,13.3,10.9
497,497,Totaal mannen en vrouwen,65 jaar of ouder,Onderwijsniveau: 3 hoog,Waarde,2018/2019,8.0,56.8,35.2,85.7,9.7,4.6,6.0,10.4,1.4,45.3,45.3,0.9,1.3,9.4,0.3,0.4,2.4,0.0,0.0,0.9,0.0,0.0,0.2,0.0,0.0,1.0,0.3,0.4,2.2,1.1,1.5,9.7,173.3,76.5,1.9,49.9,48.2,37.2,11.0,52.3,57.4,84.0,49.8,24.2,18.9,,,,,,,,,1.0,,0.6,0.5,,,43.8,50.8,23.4,49.2,76.7,33.6,21.3,63.9,8.8,6.1,66.0,28.0,3.5,2.5,,,,68.8,27.8,0.8,2.6,53.9,31.8,9.5,4.7,53.5,25.9,11.7,8.9,49.5,10.0,33.1,7.4,5.3,30.5,63.0,1.2,62.0,,21.1,13.2,12.6
506,506,Totaal mannen en vrouwen,65 jaar of ouder,Onderwijsniveau: weet niet of onbekend,Waarde,2018/2019,,,,,,,,,,,,,,,,,,,,,,,,,,,,,,,,,,,,,,,,,,,,,,,,,,,,,,,,,,,,,,,,,,,,,,,,,,,,,,,,,,,,,,,,,,,,,,,,,,,,,
515,515,Totaal mannen en vrouwen,65 jaar of ouder,Gestandaardiseerd inkomen: 1e 20%-groep,Waarde,2018/2019,15.8,43.9,40.3,58.5,23.6,17.9,7.1,10.9,1.3,69.0,69.0,2.1,2.1,6.3,0.3,0.4,3.1,0.0,0.0,0.8,0.0,0.0,0.0,0.0,0.0,1.9,0.3,0.4,2.4,2.1,2.2,7.2,168.2,76.0,2.2,39.1,58.7,36.9,21.8,24.2,28.7,60.1,20.8,7.4,5.6,,,,,,,,,1.5,,0.2,0.2,,,37.7,45.1,17.2,30.9,66.4,21.6,11.6,66.3,12.9,9.2,38.0,49.1,9.9,3.0,,,,80.2,16.8,1.4,1.6,64.0,20.7,7.7,7.6,64.1,18.8,8.0,9.1,39.6,8.6,44.6,7.1,6.4,26.5,64.4,2.7,57.7,,12.6,,
524,524,Totaal mannen en vrouwen,65 jaar of ouder,Gestandaardiseerd inkomen: 2e 20%-groep,Waarde,2018/2019,14.5,53.6,31.9,67.3,20.0,12.7,7.3,10.0,1.2,58.8,58.8,0.4,0.5,2.2,0.0,0.1,0.9,0.0,0.1,0.3,0.0,0.0,0.0,0.0,0.0,0.3,0.0,0.0,0.5,0.4,0.7,2.6,169.4,76.9,1.2,35.4,63.5,43.5,20.0,31.0,37.4,69.2,28.0,12.1,8.8,,,,,,,,,0.6,,0.7,0.1,,,39.4,47.7,12.4,33.3,60.5,20.1,15.1,65.1,10.5,9.4,52.5,40.4,4.6,2.5,,,,82.1,15.8,0.2,2.0,70.6,16.8,5.5,7.1,67.1,15.0,8.2,9.7,45.3,15.1,32.6,7.0,7.5,31.1,58.6,2.8,68.9,,15.6,18.2,12.5
533,533,Totaal mannen en vrouwen,65 jaar of ouder,Gestandaardiseerd inkomen: 3e 20%-groep,Waarde,2018/2019,11.3,54.8,33.8,76.7,14.9,8.4,7.1,8.9,1.2,52.7,52.7,0.3,0.6,3.7,0.7,0.8,1.2,0.0,0.0,0.4,0.1,0.1,0.1,0.0,0.0,0.4,0.6,0.7,0.8,1.0,1.4,4.4,170.3,77.7,0.3,38.3,61.4,42.5,18.8,39.1,46.0,72.6,34.0,14.9,10.4,,,,,,,,,0.5,,0.0,0.0,,,40.3,47.1,15.9,36.4,67.0,23.1,15.4,65.2,10.8,8.6,59.2,35.3,2.7,2.8,,,,79.3,18.4,0.4,1.8,64.9,22.3,7.2,5.6,63.5,16.4,10.7,9.4,50.5,11.1,32.9,5.4,6.5,28.5,62.0,3.1,61.4,,16.9,12.9,8.1
542,542,Totaal mannen en vrouwen,65 jaar of ouder,Gestandaardiseerd inkomen: 4e 20%-groep,Waarde,2018/2019,8.6,57.5,33.8,85.1,9.9,5.0,7.9,10.2,1.3,45.5,45.5,0.5,0.7,4.8,0.0,0.0,1.5,0.0,0.0,0.6,0.0,0.0,0.2,0.0,0.0,0.4,0.0,0.0,1.4,0.5,0.7,5.1,171.6,76.7,0.6,45.0,54.4,40.4,13.9,47.6,53.5,81.8,45.0,21.5,17.6,,,,,,,,,1.1,,0.6,0.7,,,42.5,52.1,18.2,42.4,70.4,26.3,22.3,64.1,8.0,5.6,62.2,32.0,4.7,1.1,,,,74.5,22.9,1.0,1.6,62.5,24.1,9.1,4.2,59.4,19.9,10.4,10.4,52.3,9.7,31.4,6.6,5.8,30.7,62.4,1.0,58.0,,20.2,15.0,10.1
551,551,Totaal mannen en vrouwen,65 jaar of ouder,Gestandaardiseerd inkomen: 5e 20%-groep,Waarde,2018/2019,9.1,56.3,34.5,87.9,7.5,4.6,7.2,12.6,1.5,37.3,37.3,0.3,0.3,6.2,0.0,0.3,1.6,0.0,0.0,0.1,0.0,0.0,0.0,0.0,0.0,0.4,0.0,0.3,1.3,0.3,0.6,6.9,172.8,76.8,1.5,47.9,50.6,39.1,11.6,51.5,55.8,82.9,53.2,26.1,21.9,,,,,,,,,1.1,,0.3,0.5,,,42.6,50.7,19.9,47.7,75.1,35.8,22.8,66.4,5.4,5.4,65.2,29.7,2.4,2.7,,,,69.3,26.6,1.4,2.7,55.0,30.6,10.0,4.3,51.9,25.5,12.7,9.9,54.1,11.9,27.3,6.7,6.7,29.4,61.9,1.9,60.8,,18.9,11.8,11.1
560,560,Totaal mannen en vrouwen,65 jaar of ouder,Migratieachtergrond: Nederland,Waarde,2018/2019,11.5,54.8,33.7,79.1,13.5,7.5,7.8,10.8,1.3,48.3,48.3,0.5,0.7,3.9,0.1,0.2,1.1,0.0,0.0,0.3,0.0,0.0,0.0,0.0,0.0,0.1,0.1,0.2,0.9,0.6,0.9,4.4,170.7,77.3,0.7,40.9,58.4,41.5,16.9,37.4,43.4,73.1,37.0,16.7,14.0,,,,,,,,,0.5,,0.6,0.2,,,40.6,49.0,14.4,36.1,65.1,23.2,15.9,66.9,8.8,8.4,57.8,35.5,4.7,2.0,,,,77.8,19.4,0.6,2.1,65.0,21.3,7.6,6.1,60.2,18.5,10.6,10.6,49.2,10.0,34.9,6.0,6.3,27.5,63.6,2.7,62.7,,17.0,17.1,11.7
569,569,Totaal mannen en vrouwen,65 jaar of ouder,Migratieachtergrond: westers,Waarde,2018/2019,14.2,50.8,35.1,75.4,13.4,11.2,7.5,12.5,1.4,53.5,53.5,1.2,1.8,7.9,0.0,0.0,2.1,0.0,0.0,0.0,0.0,0.0,0.0,0.0,0.0,0.6,0.0,0.0,1.5,1.2,1.8,8.4,168.7,76.5,0.0,36.7,63.3,40.7,22.6,36.6,43.2,73.7,37.8,18.9,15.2,,,,,,,,,2.2,,0.0,0.7,,,35.7,42.8,26.1,49.7,72.3,28.6,,,,,,,,,,,,74.2,22.2,1.2,2.4,64.0,23.5,6.8,5.8,64.7,17.8,9.6,7.9,47.5,10.3,36.4,5.8,8.4,32.4,57.3,1.9,64.0,,12.7,,
578,578,Totaal mannen en vrouwen,65 jaar of ouder,Migratieachtergrond: niet-westers,Waarde,2018/2019,,,,,,,,,,,,,,,,,,,,,,,,,,,,,,,,,,,,,,,,,,,,,,,,,,,,,,,,,,,,,,,,,,,,,,,,,,,,,,,,,,,,,,,,,,,,,,,,,,,,,
587,587,Mannen,Totaal,Totaal ,Waarde,2018/2019,23.8,31.8,44.5,80.6,9.1,10.3,11.9,11.8,1.5,34.0,33.1,6.6,9.7,26.7,2.6,5.1,13.7,0.8,1.7,5.9,1.4,3.7,9.9,1.0,2.3,7.1,0.9,2.1,8.5,7.7,11.7,28.4,181.0,84.6,2.0,50.9,47.1,35.9,11.3,50.1,56.6,80.9,54.5,21.2,28.0,,,,,,,,,3.3,,3.8,4.5,,,25.6,36.6,19.6,42.1,56.4,15.5,,,,,,,,,,,,46.8,39.3,8.0,5.8,33.4,26.3,30.0,10.3,32.6,26.1,29.0,12.3,22.8,7.1,63.2,6.9,3.5,14.3,79.8,2.4,21.5,,12.3,10.3,11.1
596,596,Mannen,Totaal,Onderwijsniveau: 1 laag,Waarde,2018/2019,32.4,41.9,25.6,74.2,16.9,8.9,13.1,15.2,1.7,40.4,40.4,7.0,8.7,19.0,1.9,3.5,9.9,0.7,1.2,4.8,0.5,1.4,6.2,0.6,1.3,6.1,0.5,0.9,6.0,7.8,10.1,20.8,178.1,85.7,0.7,33.1,66.2,45.8,20.4,38.5,48.6,67.6,29.4,12.7,12.2,,,,,,,,,2.0,,2.6,2.7,,,25.9,37.2,14.8,32.5,57.8,14.4,,,,,,,,,,,,63.3,29.3,4.0,3.4,50.4,21.8,19.7,8.0,47.9,20.8,21.5,9.8,32.8,9.1,50.7,7.4,5.6,19.7,71.3,3.4,33.0,,12.5,12.4,10.3
605,605,Mannen,Totaal,Onderwijsniveau: 2 middelbaar,Waarde,2018/2019,27.4,37.5,35.1,87.5,7.7,4.8,10.3,11.3,1.5,27.5,27.5,6.2,8.1,26.3,2.4,4.3,14.1,0.9,1.5,6.7,1.1,3.2,10.8,1.4,2.5,8.1,1.0,1.7,8.7,6.9,9.6,28.0,181.1,86.5,0.8,37.8,61.4,46.6,14.8,48.0,56.4,76.4,48.9,21.3,20.6,,,,,,,,,3.1,,3.4,4.1,,,23.3,36.5,15.2,37.9,55.9,16.0,,,,,,,,,,,,50.6,41.1,4.3,4.1,36.8,30.0,25.1,8.1,35.5,28.7,24.5,11.2,24.8,8.1,61.4,5.6,3.8,14.9,79.7,1.6,22.5,,14.8,10.9,11.2
614,614,Mannen,Totaal,Onderwijsniveau: 3 hoog,Waarde,2018/2019,16.3,35.5,48.3,92.4,4.7,2.9,8.6,8.8,1.4,24.4,24.4,4.0,6.9,31.8,2.5,5.3,16.2,0.9,2.1,7.0,1.7,4.1,11.5,0.9,2.5,8.4,0.8,2.0,10.4,5.6,10.0,33.7,182.7,84.5,0.6,52.4,47.0,37.7,9.3,57.2,62.5,86.4,64.6,28.3,28.0,,,,,,,,,2.4,,4.4,4.7,,,27.1,37.8,21.6,47.9,64.3,20.6,,,,,,,,,,,,42.9,46.3,6.2,4.5,29.5,33.4,28.0,9.1,29.2,32.5,26.8,11.4,22.4,6.9,64.2,6.4,2.7,15.3,81.1,0.9,19.5,,13.6,7.8,11.2
623,623,Mannen,Totaal,Onderwijsniveau: weet niet of onbekend,Waarde,2018/2019,28.6,39.4,32.0,55.9,20.9,23.1,,,,61.2,61.2,6.0,7.2,17.2,0.8,0.8,6.9,0.0,0.8,4.9,0.0,0.8,2.4,0.0,0.8,3.7,0.8,0.8,3.8,6.0,7.2,17.9,175.4,84.0,0.7,27.2,72.1,50.9,21.2,40.9,49.6,73.7,31.3,17.2,9.4,,,,,,,,,,,,,,,31.3,43.0,24.1,45.3,59.8,14.8,,,,,,,,,,,,62.8,23.4,3.2,10.7,53.1,20.7,11.9,14.3,52.8,16.2,13.3,17.7,35.1,8.5,38.8,17.6,7.2,22.3,57.8,12.7,37.3,,6.6,,
632,632,Mannen,Totaal,Gestandaardiseerd inkomen: 1e 20%-groep,Waarde,2018/2019,36.3,21.8,41.9,65.1,14.6,20.3,17.2,14.3,1.7,48.7,47.8,14.1,19.8,38.7,5.7,8.9,21.6,2.6,4.9,10.7,2.8,6.0,14.6,1.8,4.0,12.1,2.0,4.2,14.7,16.2,23.1,40.5,178.9,82.4,2.9,52.1,44.9,31.7,13.3,43.6,49.6,78.6,44.2,19.3,20.5,,,,,,,,,5.0,,7.7,10.1,,,26.2,33.9,22.4,40.2,55.1,14.3,,,,,,,,,,,,45.7,37.1,10.8,6.3,30.1,21.4,35.9,12.6,31.0,22.9,33.8,12.2,18.4,7.3,66.7,7.7,4.0,13.0,79.8,3.1,19.3,,10.4,,17.0
641,641,Mannen,Totaal,Gestandaardiseerd inkomen: 2e 20%-groep,Waarde,2018/2019,28.6,33.8,37.6,75.4,12.8,11.8,11.0,13.2,1.5,38.6,37.7,6.5,8.8,23.0,2.3,4.5,13.0,0.6,1.4,5.9,1.0,2.6,9.4,0.8,2.3,6.6,1.1,2.2,8.4,7.2,10.6,24.6,179.3,84.2,2.6,46.3,51.0,37.2,13.8,44.8,52.5,76.0,41.3,14.5,21.1,,,,,,,,,3.3,,3.2,3.9,,,27.3,36.6,17.7,40.3,54.3,14.9,,,,,,,,,,,,53.6,33.8,8.2,4.4,41.7,21.2,28.5,8.5,40.4,21.6,27.3,10.7,23.7,9.5,59.7,7.0,4.6,18.0,74.3,3.1,32.1,,12.3,14.2,10.5
650,650,Mannen,Totaal,Gestandaardiseerd inkomen: 3e 20%-groep,Waarde,2018/2019,23.2,34.5,42.3,80.2,10.0,9.8,10.4,10.8,1.4,36.4,35.2,6.2,8.7,25.5,2.0,4.4,13.0,0.3,1.2,5.1,1.1,2.8,9.4,1.0,1.9,6.6,0.5,1.9,8.1,7.3,10.3,27.2,180.8,84.6,1.6,50.0,48.5,38.2,10.3,50.9,58.7,79.5,52.6,19.7,26.3,,,,,,,,,2.9,,2.9,3.2,,,26.8,37.1,18.1,40.1,52.1,13.1,,,,,,,,,,,,48.3,39.6,7.2,4.9,33.4,25.6,30.9,10.0,33.7,25.5,28.8,12.0,23.1,6.6,63.8,6.5,3.3,13.9,80.9,1.9,21.5,,12.5,10.2,12.8
659,659,Mannen,Totaal,Gestandaardiseerd inkomen: 4e 20%-groep,Waarde,2018/2019,18.9,33.2,47.9,84.7,6.6,8.6,11.1,10.4,1.4,30.6,29.9,4.5,7.3,24.3,2.0,4.4,12.1,0.3,0.8,4.9,1.2,3.4,8.7,0.8,2.0,6.1,0.4,1.2,7.3,5.2,9.2,26.4,181.7,85.4,2.0,51.6,46.4,35.2,11.2,52.2,58.5,82.1,59.1,24.0,30.2,,,,,,,,,3.3,,3.2,3.8,,,23.3,36.9,17.6,41.7,54.9,14.3,,,,,,,,,,,,45.8,39.0,8.1,7.2,33.8,26.4,29.1,10.7,32.0,25.6,28.6,13.9,22.5,6.3,64.4,6.8,3.4,13.8,81.0,1.8,19.9,,12.1,9.8,9.6
668,668,Mannen,Totaal,Gestandaardiseerd inkomen: 5e 20%-groep,Waarde,2018/2019,18.0,33.4,48.6,89.7,5.0,5.3,12.0,11.5,1.5,23.8,22.7,4.1,7.2,25.4,2.0,4.5,11.4,0.6,1.3,4.5,1.4,4.1,8.9,0.7,1.9,5.7,0.6,1.7,6.4,5.2,9.1,26.5,182.5,85.6,1.3,53.1,45.6,36.2,9.4,54.8,59.8,85.6,66.8,25.7,36.8,,,,,,,,,2.7,,3.2,3.3,,,25.4,37.7,21.9,46.3,63.1,19.5,,,,,,,,,,,,43.7,44.1,6.5,5.7,29.9,33.0,27.3,9.8,28.8,31.6,27.9,11.7,25.1,6.8,62.0,6.0,2.6,13.7,82.0,1.7,18.2,,13.7,7.5,9.1
677,677,Mannen,Totaal,Migratieachtergrond: Nederland,Waarde,2018/2019,22.6,33.6,43.8,85.4,7.9,6.7,13.0,11.8,1.5,29.4,28.7,5.4,8.9,26.0,2.0,4.2,12.9,0.6,1.2,6.0,1.3,3.0,9.3,0.7,1.7,6.6,0.5,1.6,7.9,6.1,10.6,27.4,182.0,85.5,2.2,52.3,45.4,34.2,11.2,50.2,57.3,80.4,55.4,20.5,30.1,,,,,,,,,2.6,,2.6,2.9,,,23.9,35.3,16.8,40.5,53.9,13.2,,,,,,,,,,,,47.0,40.2,6.4,6.4,32.8,27.5,27.8,11.9,31.3,26.6,27.8,14.3,21.9,7.0,64.5,6.7,3.5,14.9,79.5,2.2,21.1,,12.8,11.3,11.0
686,686,Mannen,Totaal,Migratieachtergrond: westers,Waarde,2018/2019,25.6,37.9,36.5,80.6,11.6,7.8,13.0,10.2,1.5,35.5,34.1,7.4,10.4,32.6,2.7,6.0,16.7,0.6,1.2,6.5,1.5,4.1,11.1,1.3,3.0,9.5,1.4,3.0,10.4,8.9,13.7,34.8,178.6,82.7,1.4,49.6,49.0,36.7,12.2,48.9,56.7,79.4,49.9,21.4,23.8,,,,,,,,,4.1,,3.5,5.2,,,27.5,39.6,25.1,52.7,64.1,21.4,,,,,,,,,,,,42.0,46.4,6.1,5.5,31.9,29.0,29.3,9.8,31.9,31.5,23.5,13.0,23.1,7.9,60.0,9.0,3.4,17.1,77.6,1.8,28.5,,11.0,,
695,695,Mannen,Totaal,Migratieachtergrond: niet-westers,Waarde,2018/2019,30.0,17.9,52.1,50.4,16.0,33.6,11.4,7.8,1.3,62.7,61.1,11.7,17.1,28.7,3.8,6.2,13.0,1.6,2.6,4.5,1.8,3.6,9.1,1.8,3.6,6.7,1.8,3.4,8.0,13.2,19.0,30.8,176.8,80.4,2.0,49.1,48.9,38.4,10.5,43.1,47.9,80.2,51.4,25.3,22.7,,,,,,,,,3.5,,7.5,11.1,,,30.9,41.3,27.4,48.1,66.9,22.0,,,,,,,,,,,,38.2,38.2,18.0,5.7,24.8,23.0,37.2,15.0,25.0,22.3,40.1,12.6,14.7,6.6,68.5,10.2,4.4,8.8,82.4,4.4,16.5,,9.3,,
704,704,Mannen,Jonger dan 25 jaar,Totaal ,Waarde,2018/2019,19.3,5.1,75.6,59.7,9.1,31.2,22.0,15.8,1.6,50.6,45.6,10.7,17.9,28.5,4.1,8.5,13.7,0.8,2.3,4.2,2.8,6.6,10.5,0.9,2.9,4.8,1.2,4.0,8.4,12.1,20.1,29.7,182.1,76.7,5.7,77.6,16.6,14.1,2.5,53.6,56.8,89.5,68.5,20.1,47.9,,,,,,,,,7.3,,4.5,7.2,,,26.3,34.9,25.5,47.2,48.3,10.8,,,,,,,,,,,,20.0,36.8,27.3,15.9,5.9,9.9,63.2,21.1,7.7,14.8,57.9,19.6,2.3,2.1,86.7,8.9,0.7,2.1,92.9,4.3,3.4,,3.9,,
713,713,Mannen,Jonger dan 25 jaar,Onderwijsniveau: 1 laag,Waarde,2018/2019,,,,,,,,,,,,,,,,,,,,,,,,,,,,,,,,,,,,,,,,,,,,,,,,,,,,,,,,,,,,,,,,,,,,,,,,,,,,,,,,,,,,,,,,,,,,,,,,,,,,,
722,722,Mannen,Jonger dan 25 jaar,Onderwijsniveau: 2 middelbaar,Waarde,2018/2019,,,,,,,,,,,,,,,,,,,,,,,,,,,,,,,,,,,,,,,,,,,,,,,,,,,,,,,,,,,,,,,,,,,,,,,,,,,,,,,,,,,,,,,,,,,,,,,,,,,,,
731,731,Mannen,Jonger dan 25 jaar,Onderwijsniveau: 3 hoog,Waarde,2018/2019,,,,,,,,,,,,,,,,,,,,,,,,,,,,,,,,,,,,,,,,,,,,,,,,,,,,,,,,,,,,,,,,,,,,,,,,,,,,,,,,,,,,,,,,,,,,,,,,,,,,,
740,740,Mannen,Jonger dan 25 jaar,Onderwijsniveau: weet niet of onbekend,Waarde,2018/2019,,,,,,,,,,,,,,,,,,,,,,,,,,,,,,,,,,,,,,,,,,,,,,,,,,,,,,,,,,,,,,,,,,,,,,,,,,,,,,,,,,,,,,,,,,,,,,,,,,,,,
749,749,Mannen,Jonger dan 25 jaar,Gestandaardiseerd inkomen: 1e 20%-groep,Waarde,2018/2019,22.8,7.5,69.7,58.2,7.4,34.4,26.5,17.2,1.8,51.5,48.1,11.7,23.0,39.6,7.7,13.4,21.3,2.2,6.6,9.2,3.7,10.1,15.9,2.1,6.1,9.6,3.3,5.9,16.0,14.2,26.7,40.6,181.6,76.3,5.7,72.2,22.1,18.1,4.0,51.0,54.5,89.2,63.5,23.0,37.5,,,,,,,,,6.7,,7.0,12.3,,,28.7,36.7,27.7,48.9,48.7,12.4,,,,,,,,,,,,23.6,37.2,26.1,13.1,9.1,8.9,64.9,17.1,10.8,15.0,59.0,15.3,3.3,1.8,88.2,6.7,1.4,3.6,93.9,1.1,4.6,,4.0,,
758,758,Mannen,Jonger dan 25 jaar,Gestandaardiseerd inkomen: 2e 20%-groep,Waarde,2018/2019,21.1,2.1,76.7,55.5,10.2,34.3,,,,57.4,52.2,11.6,16.3,25.4,3.3,8.2,13.8,0.0,0.5,4.0,2.3,4.8,10.4,1.1,3.6,5.1,0.6,3.6,7.0,13.7,19.1,27.7,,,7.9,75.5,16.6,15.4,1.2,48.7,51.9,86.9,58.6,15.5,39.3,,,,,,,,,,,6.0,7.6,,,27.6,36.7,23.7,43.5,42.8,10.8,,,,,,,,,,,,12.2,36.0,38.6,13.2,3.5,13.0,69.4,14.2,3.6,16.3,64.3,15.8,2.6,0.9,87.7,8.8,0.7,0.9,94.1,4.3,4.0,,2.7,,
767,767,Mannen,Jonger dan 25 jaar,Gestandaardiseerd inkomen: 3e 20%-groep,Waarde,2018/2019,18.5,4.2,77.3,55.7,11.0,33.3,17.5,14.2,1.3,56.8,50.5,10.6,16.2,24.7,1.6,6.6,8.5,0.0,0.4,1.3,1.6,3.7,5.6,0.0,1.7,3.1,0.0,4.9,6.0,11.6,17.9,25.1,181.5,76.8,4.2,78.6,17.1,14.8,2.3,53.4,58.0,89.9,66.4,19.3,46.8,,,,,,,,,6.7,,1.7,1.7,,,25.7,32.5,23.2,46.2,45.2,9.4,,,,,,,,,,,,29.1,35.4,21.3,14.3,6.9,10.4,60.4,22.4,9.9,17.6,51.5,21.0,2.6,4.7,80.9,11.8,0.9,1.2,92.6,5.3,1.2,,5.5,,
776,776,Mannen,Jonger dan 25 jaar,Gestandaardiseerd inkomen: 4e 20%-groep,Waarde,2018/2019,16.1,3.0,80.9,58.1,8.5,33.4,17.7,14.7,1.6,50.3,46.5,9.7,16.7,23.9,3.9,6.0,10.4,0.7,1.5,2.3,3.2,5.3,7.7,0.7,2.1,3.1,0.7,2.1,5.5,10.9,17.9,25.7,182.8,76.8,6.7,80.5,12.8,10.3,2.5,56.8,58.6,91.1,72.0,21.6,53.9,,,,,,,,,5.8,,4.3,8.3,,,23.5,32.7,24.9,47.3,47.5,10.3,,,,,,,,,,,,14.3,36.4,28.5,20.8,3.1,9.2,62.7,25.0,4.8,10.7,58.9,25.6,1.0,0.7,89.9,8.5,0.0,1.2,93.9,5.0,4.0,,4.1,,
785,785,Mannen,Jonger dan 25 jaar,Gestandaardiseerd inkomen: 5e 20%-groep,Waarde,2018/2019,18.2,7.5,74.3,69.7,8.1,22.2,29.0,19.3,1.9,39.9,33.2,10.6,17.7,29.4,3.7,8.5,14.6,0.8,1.9,4.0,3.3,8.5,13.0,0.4,1.2,3.3,1.1,3.9,7.2,11.5,19.7,30.1,182.8,77.8,4.7,81.4,13.9,11.7,2.2,56.4,59.1,90.3,79.7,19.8,61.6,,,,,,,,,7.9,,3.8,5.6,,,26.6,36.8,26.6,48.7,55.0,11.0,,,,,,,,,,,,20.5,37.4,25.8,16.2,5.9,6.7,63.3,24.1,8.7,12.7,59.7,18.9,2.1,1.9,89.3,6.7,0.3,2.3,94.0,3.4,3.1,,3.2,,
794,794,Mannen,Jonger dan 25 jaar,Migratieachtergrond: Nederland,Waarde,2018/2019,18.7,5.4,75.9,63.9,8.4,27.7,26.6,15.8,1.6,45.5,41.6,9.6,19.4,30.8,3.7,7.2,12.7,0.8,2.3,4.6,2.8,5.4,10.0,0.3,2.1,3.9,0.3,2.8,7.0,10.7,21.0,31.3,183.1,76.1,6.1,81.9,12.0,10.3,1.6,53.9,57.9,88.0,69.2,19.7,51.6,,,,,,,,,6.6,,2.8,3.7,,,22.8,31.8,21.4,45.5,44.7,7.0,,,,,,,,,,,,18.5,40.0,22.1,19.4,5.6,11.7,55.7,27.0,8.0,14.4,52.6,25.0,1.5,1.7,86.6,10.1,0.9,2.0,92.6,4.6,2.1,,4.6,,
803,803,Mannen,Jonger dan 25 jaar,Migratieachtergrond: westers,Waarde,2018/2019,,,,,,,,,,,,,,,,,,,,,,,,,,,,,,,,,,,,,,,,,,,,,,,,,,,,,,,,,,,,,,,,,,,,,,,,,,,,,,,,,,,,,,,,,,,,,,,,,,,,,
812,812,Mannen,Jonger dan 25 jaar,Migratieachtergrond: niet-westers,Waarde,2018/2019,,,,,,,,,,,,,,,,,,,,,,,,,,,,,,,,,,,4.7,64.9,30.4,25.4,4.9,45.5,46.4,94.5,66.4,21.5,38.9,,,,,,,,,,,,,,,36.5,46.0,32.2,55.8,65.6,19.2,,,,,,,,,,,,,,,,,,,,,,,,,,,,,,,,,,,,
821,821,Mannen,25 tot 45 jaar,Totaal ,Waarde,2018/2019,31.5,21.7,46.8,87.3,6.6,6.1,11.8,10.1,1.4,24.8,24.8,10.5,14.9,46.1,5.3,10.3,27.3,2.0,4.0,13.7,2.7,7.4,22.1,2.5,5.5,15.4,1.7,3.8,17.1,12.9,19.7,49.6,182.7,84.5,1.1,51.1,47.7,37.2,10.5,51.3,59.2,78.9,59.8,28.8,24.5,,,,,,,,,3.7,,6.5,8.3,,,22.8,33.5,19.0,41.0,54.7,14.7,,,,,,,,,,,,30.0,51.5,10.9,7.6,14.3,27.0,46.1,12.7,16.3,29.7,40.4,13.7,5.0,5.1,83.4,6.5,1.2,6.0,91.3,1.5,4.5,,7.0,10.0,15.7
830,830,Mannen,25 tot 45 jaar,Onderwijsniveau: 1 laag,Waarde,2018/2019,51.7,21.4,26.9,73.8,14.9,11.3,14.2,17.3,1.7,37.2,37.2,17.3,22.4,44.7,4.9,9.7,26.9,2.0,3.8,14.9,1.0,4.4,21.2,2.1,4.3,17.2,0.8,2.4,15.0,20.1,26.5,49.8,180.2,85.0,1.7,40.3,58.0,41.2,16.8,40.4,48.7,69.5,37.2,20.8,14.7,,,,,,,,,2.9,,8.2,9.3,,,19.3,27.8,14.6,28.9,54.2,13.1,,,,,,,,,,,,33.0,48.5,11.6,6.9,15.1,22.1,49.0,13.8,16.8,25.7,45.1,12.4,5.3,5.3,82.5,6.9,1.5,8.5,88.4,1.6,6.2,,8.5,,
839,839,Mannen,25 tot 45 jaar,Onderwijsniveau: 2 middelbaar,Waarde,2018/2019,36.5,22.5,40.9,88.2,6.3,5.6,11.0,9.1,1.4,23.3,23.3,12.7,16.3,46.4,5.3,9.8,27.8,1.9,3.5,14.2,2.3,7.2,23.8,3.2,5.6,15.9,2.1,3.8,17.4,14.1,19.8,49.7,182.7,85.7,1.4,45.2,53.4,41.3,12.1,47.7,57.5,74.6,57.1,26.5,23.9,,,,,,,,,4.2,,6.0,8.4,,,21.4,33.3,16.1,36.7,52.4,14.3,,,,,,,,,,,,29.9,53.1,9.6,7.4,15.5,28.2,45.0,11.3,17.1,30.1,39.7,13.1,4.8,5.8,83.2,6.2,1.5,5.6,91.4,1.4,4.5,,8.2,,
848,848,Mannen,25 tot 45 jaar,Onderwijsniveau: 3 hoog,Waarde,2018/2019,19.2,21.2,59.6,92.7,3.7,3.6,11.9,8.9,1.4,20.3,20.3,5.9,10.9,46.8,5.4,11.3,27.5,2.1,4.7,13.0,3.8,9.0,21.5,2.1,5.8,14.7,1.5,4.3,18.0,9.4,17.5,50.2,183.9,83.3,0.6,61.8,37.7,31.1,6.5,58.2,64.0,86.1,71.0,34.3,29.1,,,,,,,,,3.2,,6.1,7.7,,,25.2,35.6,23.2,49.2,57.6,16.1,,,,,,,,,,,,29.1,51.6,11.9,7.4,12.4,27.5,46.9,13.1,15.0,30.9,40.1,14.0,5.0,4.2,84.8,6.1,0.9,5.5,92.8,0.9,3.8,,5.3,,
857,857,Mannen,25 tot 45 jaar,Onderwijsniveau: weet niet of onbekend,Waarde,2018/2019,,,,,,,,,,,,,,,,,,,,,,,,,,,,,,,,,,,,,,,,,,,,,,,,,,,,,,,,,,,,,,,,,,,,,,,,,,,,,,,,,,,,,,,,,,,,,,,,,,,,,
866,866,Mannen,25 tot 45 jaar,Gestandaardiseerd inkomen: 1e 20%-groep,Waarde,2018/2019,42.1,18.5,39.3,72.6,12.9,14.5,13.0,8.1,1.4,40.4,40.4,19.9,25.0,52.9,8.7,13.7,34.7,5.4,8.4,19.7,5.1,9.6,27.6,2.9,6.3,19.2,1.9,6.9,22.9,23.9,31.7,56.3,180.3,83.4,1.7,45.3,53.0,39.6,13.4,48.8,57.0,79.2,45.9,26.3,14.0,,,,,,,,,4.3,,14.1,17.8,,,24.8,30.8,19.0,36.8,51.7,12.6,,,,,,,,,,,,33.5,49.2,11.1,6.1,13.3,27.4,44.4,14.9,16.0,29.3,42.0,12.6,7.8,6.7,77.7,7.8,2.1,5.9,89.9,2.1,6.1,,11.4,,
875,875,Mannen,25 tot 45 jaar,Gestandaardiseerd inkomen: 2e 20%-groep,Waarde,2018/2019,43.1,18.8,38.1,84.9,7.5,7.6,11.6,12.0,1.5,25.7,25.7,12.6,16.4,47.2,5.5,9.9,28.5,2.0,4.3,15.3,1.7,5.4,23.0,2.3,5.4,15.8,3.4,5.0,19.1,13.8,20.5,50.0,181.6,84.6,1.0,46.6,52.4,37.7,14.7,48.6,57.4,72.5,47.5,23.2,21.3,,,,,,,,,2.5,,4.6,6.8,,,20.6,32.1,20.9,42.5,56.6,15.1,,,,,,,,,,,,33.4,48.7,10.9,6.9,18.2,22.8,48.2,10.9,20.9,26.6,40.0,12.5,3.9,6.8,83.6,5.7,0.4,9.7,88.4,1.5,6.7,,6.8,,
884,884,Mannen,25 tot 45 jaar,Gestandaardiseerd inkomen: 3e 20%-groep,Waarde,2018/2019,31.4,25.7,42.8,89.3,6.3,4.5,12.1,9.0,1.4,23.1,23.1,9.4,13.7,42.6,4.3,8.1,26.0,1.1,3.6,10.7,2.5,6.2,20.6,2.8,4.2,13.7,0.8,1.9,16.1,11.4,16.8,46.8,182.9,84.6,1.4,47.4,51.2,42.9,8.3,52.3,61.5,77.4,58.2,27.7,23.0,,,,,,,,,3.6,,5.5,6.5,,,24.1,35.0,17.7,37.3,50.5,12.6,,,,,,,,,,,,27.5,54.6,10.7,7.1,12.5,26.3,49.0,12.2,15.4,28.6,41.3,14.7,5.2,3.7,84.8,6.3,1.0,6.3,91.8,0.9,3.8,,7.0,,
893,893,Mannen,25 tot 45 jaar,Gestandaardiseerd inkomen: 4e 20%-groep,Waarde,2018/2019,25.7,22.8,51.5,91.2,4.9,3.9,11.2,9.1,1.3,21.9,21.9,6.9,11.5,44.7,3.8,9.7,25.7,0.6,1.7,12.2,2.0,7.0,20.7,2.3,5.4,14.8,0.9,2.6,15.6,8.6,16.3,49.1,183.9,85.1,1.1,54.2,44.7,34.5,10.2,52.3,59.0,81.3,67.5,29.8,28.3,,,,,,,,,4.4,,5.0,6.6,,,20.1,33.6,14.1,38.4,51.1,12.9,,,,,,,,,,,,30.7,48.8,11.5,8.9,15.9,26.1,43.4,14.7,16.8,28.8,39.0,15.4,3.5,4.2,85.2,7.2,1.1,4.1,93.5,1.4,3.0,,5.2,,
902,902,Mannen,25 tot 45 jaar,Gestandaardiseerd inkomen: 5e 20%-groep,Waarde,2018/2019,21.6,21.7,56.7,94.3,3.0,2.7,11.6,10.7,1.5,17.0,17.0,6.1,10.3,45.5,4.9,11.0,24.5,1.8,3.7,12.4,2.8,9.5,21.0,2.2,6.0,14.6,1.3,3.5,14.0,9.6,16.3,48.1,183.9,85.0,0.7,57.8,41.5,32.8,8.7,52.8,59.1,82.3,72.2,36.0,31.3,,,,,,,,,2.6,,4.8,5.7,,,24.8,35.2,24.4,49.9,62.6,19.2,,,,,,,,,,,,27.1,55.6,9.4,7.9,12.1,32.3,45.1,10.6,13.5,35.1,39.9,11.5,5.0,5.1,85.8,4.1,1.3,5.4,92.5,0.8,4.7,,6.6,,
911,911,Mannen,25 tot 45 jaar,Migratieachtergrond: Nederland,Waarde,2018/2019,28.5,23.4,48.1,94.4,4.8,0.9,12.4,8.6,1.4,16.9,16.9,8.8,13.6,45.4,4.1,9.3,28.3,1.3,2.6,15.1,2.4,6.7,22.4,2.2,4.3,16.4,1.1,3.2,17.1,10.7,18.3,49.2,184.3,85.7,1.9,52.0,46.1,35.3,10.8,51.4,58.8,80.3,63.2,27.8,27.7,,,,,,,,,2.8,,4.0,6.2,,,21.2,32.8,17.6,41.0,52.4,12.7,,,,,,,,,,,,28.3,53.3,9.8,8.5,12.2,27.5,45.3,14.9,14.2,30.6,39.1,16.1,4.0,4.9,85.8,5.4,0.8,6.0,92.2,0.9,2.7,,5.8,,
920,920,Mannen,25 tot 45 jaar,Migratieachtergrond: westers,Waarde,2018/2019,,,,,,,,,,,,,,,,,,,,,,,,,,,,,,,,,,,,,,,,,,,,,,,,,,,,,,,,,,,,,,,,,,,,,,,,,,,,,,,,,,,,,,,,,,,,,,,,,,,,,
929,929,Mannen,25 tot 45 jaar,Migratieachtergrond: niet-westers,Waarde,2018/2019,42.2,14.5,43.3,60.7,15.2,24.1,,,,49.9,49.9,16.4,23.4,41.3,5.8,10.0,22.0,3.3,6.0,10.7,2.1,6.2,18.4,2.1,6.3,11.1,2.9,5.6,13.2,18.8,26.8,44.6,178.2,81.9,0.0,45.3,54.7,42.6,12.1,47.8,56.4,75.4,55.7,36.6,18.7,,,,,,,,,4.1,,10.4,17.1,,,20.5,31.0,20.7,39.1,61.9,18.2,,,,,,,,,,,,27.6,48.7,19.4,4.3,9.1,30.9,44.5,15.5,12.0,28.8,47.1,12.1,6.9,7.7,74.7,10.7,1.9,6.7,88.6,2.8,5.9,,7.7,,
938,938,Mannen,45 tot 65 jaar,Totaal ,Waarde,2018/2019,25.9,35.5,38.6,84.6,9.5,6.0,10.6,12.2,1.5,30.2,30.2,4.2,5.7,21.6,1.0,1.8,8.9,0.3,0.4,3.3,0.4,1.0,4.9,0.3,0.6,4.9,0.4,0.6,5.4,4.5,6.4,22.7,181.5,87.8,0.4,36.2,63.5,46.7,16.8,49.5,57.0,77.5,48.9,19.7,21.2,,,,,,,,,2.3,,3.0,2.4,,,23.0,37.2,17.2,40.5,57.4,15.5,,,,,,,,,,,,53.1,41.9,2.2,2.9,40.3,34.9,17.5,7.3,37.6,32.4,19.7,10.3,29.4,7.6,56.4,6.7,4.1,16.6,77.2,2.2,18.0,,17.6,7.6,10.4
947,947,Mannen,45 tot 65 jaar,Onderwijsniveau: 1 laag,Waarde,2018/2019,36.6,33.6,29.8,71.5,17.8,10.6,16.0,18.5,1.8,41.0,41.0,6.7,8.3,19.9,2.0,3.3,9.0,0.6,0.9,3.7,0.6,1.1,3.9,0.3,1.0,5.3,0.8,0.9,6.1,7.1,9.5,21.5,179.1,88.0,0.5,29.7,69.8,47.1,22.6,39.8,50.0,65.8,29.5,12.2,12.0,,,,,,,,,2.6,,1.4,1.5,,,22.7,36.6,16.3,33.1,52.4,11.4,,,,,,,,,,,,61.7,31.9,3.0,3.4,48.7,27.1,17.5,6.7,44.4,25.6,19.8,10.3,31.8,7.7,52.5,8.0,6.1,15.9,73.7,4.3,21.2,,14.6,,
956,956,Mannen,45 tot 65 jaar,Onderwijsniveau: 2 middelbaar,Waarde,2018/2019,26.8,35.1,38.1,86.5,7.9,5.6,11.2,12.9,1.6,28.5,28.5,3.3,4.6,19.4,1.0,1.8,8.2,0.4,0.4,3.3,0.6,1.2,4.7,0.5,1.0,4.9,0.5,0.8,4.8,3.8,5.3,20.3,181.4,88.4,0.3,32.7,66.9,49.7,17.2,48.2,56.4,76.7,46.4,19.0,19.7,,,,,,,,,2.7,,2.7,2.0,,,21.0,36.6,14.8,38.9,53.3,13.2,,,,,,,,,,,,53.8,41.9,1.5,2.8,39.1,35.7,17.5,7.7,37.6,32.6,19.6,10.2,28.3,7.4,58.5,5.7,3.2,15.5,79.7,1.6,17.5,,18.1,8.2,8.7
965,965,Mannen,45 tot 65 jaar,Onderwijsniveau: 3 hoog,Waarde,2018/2019,16.6,37.7,45.8,93.5,4.3,2.2,6.5,8.1,1.4,22.3,22.3,3.3,5.0,25.5,0.2,0.8,9.8,0.0,0.1,3.0,0.1,0.6,5.9,0.0,0.0,4.5,0.1,0.2,5.6,3.4,5.6,26.6,183.3,87.0,0.3,45.3,54.3,42.6,11.8,58.8,63.4,87.0,66.1,25.8,30.2,,,,,,,,,1.8,,4.0,3.0,,,25.8,38.2,20.6,47.7,65.6,21.2,,,,,,,,,,,,44.9,50.1,2.6,2.4,34.5,40.6,17.8,7.1,31.0,38.0,20.4,10.6,28.3,7.1,58.1,6.5,3.4,17.8,78.0,0.8,15.6,,20.0,5.9,12.2
974,974,Mannen,45 tot 65 jaar,Onderwijsniveau: weet niet of onbekend,Waarde,2018/2019,,,,,,,,,,,,,,,,,,,,,,,,,,,,,,,,,,,,,,,,,,,,,,,,,,,,,,,,,,,,,,,,,,,,,,,,,,,,,,,,,,,,,,,,,,,,,,,,,,,,,
983,983,Mannen,45 tot 65 jaar,Gestandaardiseerd inkomen: 1e 20%-groep,Waarde,2018/2019,51.3,24.8,23.9,58.9,22.3,18.7,18.5,21.0,2.1,53.9,53.9,14.9,18.3,36.5,2.9,3.4,16.4,1.2,1.7,7.2,1.0,1.0,6.9,1.1,1.5,11.3,1.5,1.5,10.2,15.7,19.2,38.0,177.8,85.2,0.7,37.2,62.1,40.6,21.5,34.1,41.1,67.1,23.7,11.2,7.5,,,,,,,,,5.7,,4.4,3.8,,,20.4,27.7,18.3,34.0,58.0,14.3,,,,,,,,,,,,57.9,34.6,3.7,3.8,45.7,25.0,19.3,10.0,44.3,25.1,19.5,11.1,27.8,11.6,51.7,8.9,6.4,18.8,69.2,5.7,24.4,,13.9,,
992,992,Mannen,45 tot 65 jaar,Gestandaardiseerd inkomen: 2e 20%-groep,Waarde,2018/2019,33.9,27.4,38.6,78.0,11.9,10.1,11.2,15.0,1.6,35.4,35.4,3.5,5.8,19.9,1.1,1.7,9.8,0.4,0.4,3.6,0.8,1.1,5.3,0.0,0.7,4.6,0.3,1.0,6.7,3.8,6.4,21.2,180.5,88.0,1.0,32.6,66.4,45.3,21.1,43.1,51.6,73.1,34.8,10.9,15.1,,,,,,,,,2.8,,3.5,3.6,,,25.9,33.5,13.6,39.5,54.6,15.1,,,,,,,,,,,,58.5,39.2,1.4,0.8,45.5,28.4,20.1,6.0,41.5,28.4,21.7,8.4,27.4,6.6,58.7,7.3,5.9,16.3,73.8,3.9,23.0,,16.2,,
1001,1001,Mannen,45 tot 65 jaar,Gestandaardiseerd inkomen: 3e 20%-groep,Waarde,2018/2019,26.1,36.5,37.3,83.7,11.2,5.2,8.2,13.0,1.5,34.4,34.4,4.8,5.1,24.8,1.1,2.0,11.5,0.0,0.0,5.2,0.2,0.7,7.3,0.3,1.0,6.0,0.5,1.0,6.9,5.5,6.0,25.9,181.4,88.1,0.2,34.2,65.5,48.4,17.1,52.5,61.2,75.9,47.5,17.4,19.6,,,,,,,,,1.9,,2.9,2.6,,,24.5,40.6,16.5,41.6,50.4,12.4,,,,,,,,,,,,52.2,43.4,2.7,1.7,37.6,35.0,19.9,7.4,35.8,33.2,21.5,9.6,26.7,5.7,61.6,5.9,3.6,16.2,79.3,0.9,16.8,,18.0,,
1010,1010,Mannen,45 tot 65 jaar,Gestandaardiseerd inkomen: 4e 20%-groep,Waarde,2018/2019,19.5,40.5,40.0,89.1,7.1,3.8,10.9,10.7,1.4,26.8,26.8,1.9,2.4,17.0,0.5,1.7,6.8,0.1,0.2,2.0,0.3,1.3,3.6,0.1,0.3,2.9,0.1,0.1,4.0,2.0,3.4,18.3,181.8,88.6,0.1,34.7,65.2,47.2,18.0,49.1,58.2,74.9,50.9,23.9,19.4,,,,,,,,,2.3,,2.4,1.4,,,22.0,39.5,15.2,39.7,54.9,13.8,,,,,,,,,,,,52.2,41.0,2.6,4.3,40.4,34.2,18.7,6.7,37.4,31.5,20.3,10.8,28.3,8.2,57.6,5.9,4.5,17.3,76.8,1.4,18.6,,17.5,7.9,10.7
1019,1019,Mannen,45 tot 65 jaar,Gestandaardiseerd inkomen: 5e 20%-groep,Waarde,2018/2019,18.6,38.1,43.3,93.3,4.8,1.9,9.4,10.0,1.5,20.3,20.3,2.0,3.9,19.0,0.4,1.0,6.2,0.1,0.2,1.8,0.3,0.8,3.7,0.1,0.5,3.3,0.2,0.4,3.5,2.0,4.2,19.6,182.9,88.0,0.3,39.2,60.5,47.9,12.7,56.1,61.6,85.8,61.9,23.8,30.4,,,,,,,,,1.5,,2.9,2.1,,,22.9,38.4,19.6,43.3,63.3,18.8,,,,,,,,,,,,50.3,45.7,1.3,2.7,37.6,41.4,13.8,7.2,34.4,36.9,17.9,10.8,33.0,6.9,53.4,6.7,2.6,15.7,80.1,1.6,14.4,,19.0,6.7,8.4
1028,1028,Mannen,45 tot 65 jaar,Migratieachtergrond: Nederland,Waarde,2018/2019,26.2,36.7,37.1,88.9,8.4,2.7,11.4,13.1,1.6,27.5,27.5,3.3,4.6,21.2,0.6,1.2,8.1,0.2,0.3,3.2,0.3,0.5,4.2,0.1,0.3,4.0,0.4,0.5,5.3,3.5,5.0,21.9,182.7,89.0,0.5,37.9,61.6,44.8,16.8,49.9,58.6,77.3,49.5,18.9,23.0,,,,,,,,,1.9,,2.6,1.6,,,21.9,35.7,15.2,39.3,53.8,14.0,,,,,,,,,,,,53.6,42.5,1.4,2.6,38.2,37.3,16.5,8.0,35.1,32.7,20.2,12.1,26.0,7.5,59.6,7.0,3.8,17.8,76.7,1.7,16.8,,17.5,7.8,10.2
1037,1037,Mannen,45 tot 65 jaar,Migratieachtergrond: westers,Waarde,2018/2019,25.8,47.1,27.1,83.4,13.3,3.2,9.1,7.6,1.3,33.5,33.5,4.4,5.3,23.9,0.8,2.5,14.7,0.0,0.0,5.3,0.8,2.5,9.2,0.0,0.8,9.7,0.0,1.6,8.1,5.1,7.8,27.1,178.7,84.6,0.8,35.9,63.3,48.2,15.1,48.0,56.9,78.2,46.4,21.8,23.8,,,,,,,,,0.7,,2.3,3.3,,,29.6,45.7,19.3,50.5,66.7,16.7,,,,,,,,,,,,41.7,53.4,1.4,3.5,32.5,39.2,19.6,8.7,30.7,40.9,17.9,10.6,22.9,8.7,62.9,5.6,2.8,17.6,79.5,0.0,21.0,,19.7,,
1046,1046,Mannen,45 tot 65 jaar,Migratieachtergrond: niet-westers,Waarde,2018/2019,,,,,,,,,,,,,,,,,,,,,,,,,,,,,,,,,,,,,,,,,,,,,,,,,,,,,,,,,,,,,,,,,,,,,,,,,,,,,,,,,,,,,,,,,,,,,,,,,,,,,
1055,1055,Mannen,65 jaar of ouder,Totaal ,Waarde,2018/2019,13.2,64.8,22.0,84.0,12.2,3.7,7.6,10.8,1.6,37.9,37.9,1.0,1.0,5.6,0.2,0.2,2.0,0.0,0.0,0.6,0.0,0.0,0.1,0.0,0.0,1.0,0.2,0.2,1.5,1.1,1.1,5.9,177.1,83.5,0.6,36.6,62.8,47.2,15.7,44.3,52.2,76.7,35.8,14.5,15.5,,,,,,,,,1.4,,0.6,0.4,,,33.0,42.7,15.9,38.6,68.8,23.5,,,,,,,,,,,,78.4,19.4,0.6,1.6,67.4,22.4,5.5,4.7,64.2,18.0,9.0,8.7,50.8,12.7,30.0,6.5,7.6,30.5,59.3,2.6,62.1,,16.8,15.1,9.8
1064,1064,Mannen,65 jaar of ouder,Onderwijsniveau: 1 laag,Waarde,2018/2019,17.0,62.5,20.5,77.3,17.1,5.6,9.6,10.9,1.6,41.7,41.7,1.3,1.3,3.1,0.1,0.1,1.2,0.0,0.0,0.2,0.0,0.0,0.0,0.0,0.0,0.6,0.1,0.1,0.8,1.4,1.4,3.3,175.7,83.8,0.4,32.5,67.1,47.0,20.1,36.1,47.2,68.5,24.8,8.7,10.9,,,,,,,,,0.7,,0.6,0.0,,,33.2,43.2,13.4,33.9,65.6,18.3,,,,,,,,,,,,82.5,15.4,0.7,1.4,72.6,16.0,5.4,6.0,69.5,12.9,9.8,7.9,49.6,12.8,30.4,7.2,7.5,30.2,58.7,3.6,60.7,,12.6,,
1073,1073,Mannen,65 jaar of ouder,Onderwijsniveau: 2 middelbaar,Waarde,2018/2019,12.8,67.5,19.6,88.3,9.8,1.9,7.4,11.8,1.5,32.9,32.9,0.6,0.6,5.2,0.0,0.0,1.9,0.0,0.0,0.4,0.0,0.0,0.0,0.0,0.0,1.1,0.0,0.0,1.3,0.6,0.6,5.8,177.7,84.1,0.5,34.9,64.5,50.0,14.6,48.1,54.5,78.7,40.0,16.6,16.7,,,,,,,,,2.0,,0.3,0.5,,,31.0,41.9,14.6,37.8,66.6,24.2,,,,,,,,,,,,79.6,18.9,0.5,1.0,68.7,22.1,5.7,3.5,63.0,18.8,8.2,10.1,52.3,13.5,29.7,4.4,8.9,29.4,59.7,2.0,62.2,,19.7,14.5,11.9
1082,1082,Mannen,65 jaar of ouder,Onderwijsniveau: 3 hoog,Waarde,2018/2019,8.9,63.8,27.3,89.4,7.9,2.7,5.4,9.7,1.5,38.3,38.3,1.1,1.4,10.2,0.6,0.6,3.4,0.0,0.0,1.6,0.0,0.0,0.3,0.0,0.0,1.7,0.6,0.6,2.9,1.3,1.7,10.4,178.8,82.4,1.1,45.7,53.2,42.9,10.4,51.5,57.2,85.8,46.4,20.1,20.8,,,,,,,,,1.5,,1.0,0.9,,,34.2,42.1,19.8,45.1,76.8,29.7,,,,,,,,,,,,70.7,26.1,0.8,2.4,58.5,31.7,5.6,4.2,58.5,24.8,9.4,7.3,50.3,12.8,29.6,7.2,5.6,32.7,60.6,1.1,63.0,,19.3,11.6,8.5
1091,1091,Mannen,65 jaar of ouder,Onderwijsniveau: weet niet of onbekend,Waarde,2018/2019,,,,,,,,,,,,,,,,,,,,,,,,,,,,,,,,,,,,,,,,,,,,,,,,,,,,,,,,,,,,,,,,,,,,,,,,,,,,,,,,,,,,,,,,,,,,,,,,,,,,,
1100,1100,Mannen,65 jaar of ouder,Gestandaardiseerd inkomen: 1e 20%-groep,Waarde,2018/2019,20.8,51.8,27.4,75.5,17.5,7.0,9.0,12.2,1.7,50.4,50.4,5.3,5.3,11.4,0.8,0.8,4.8,0.0,0.0,1.6,0.0,0.0,0.0,0.0,0.0,3.8,0.8,0.8,3.6,5.3,5.3,11.6,174.8,82.8,1.6,36.5,62.0,37.8,24.2,28.7,36.2,68.2,22.6,9.4,8.4,,,,,,,,,2.0,,0.0,0.0,,,32.9,44.7,21.4,33.9,75.7,24.1,,,,,,,,,,,,80.7,16.5,1.4,1.4,66.6,20.4,6.7,6.3,67.1,16.9,6.8,9.1,44.7,8.3,40.6,6.4,7.4,31.2,58.3,3.1,57.0,,10.9,,
1109,1109,Mannen,65 jaar of ouder,Gestandaardiseerd inkomen: 2e 20%-groep,Waarde,2018/2019,16.3,66.5,17.2,75.5,19.1,5.4,9.0,13.5,1.6,42.3,42.3,0.7,0.7,3.3,0.0,0.0,1.5,0.0,0.0,0.2,0.0,0.0,0.0,0.0,0.0,0.7,0.0,0.0,1.1,0.7,0.7,3.6,176.1,83.3,0.9,31.8,67.3,49.0,18.3,39.7,49.5,72.0,25.9,8.6,9.9,,,,,,,,,1.3,,0.9,0.2,,,33.8,42.5,12.8,36.2,61.7,18.1,,,,,,,,,,,,81.7,16.5,0.2,1.6,72.4,17.8,3.7,6.2,68.7,14.5,7.9,8.9,45.5,16.6,30.5,7.4,8.8,32.0,55.7,3.5,68.3,,17.6,,
1118,1118,Mannen,65 jaar of ouder,Gestandaardiseerd inkomen: 3e 20%-groep,Waarde,2018/2019,12.0,68.6,19.4,83.7,12.8,3.5,6.7,8.8,1.4,40.3,40.3,0.0,0.2,4.1,0.5,0.5,1.0,0.0,0.0,0.6,0.0,0.0,0.0,0.0,0.0,0.7,0.5,0.5,0.6,0.5,0.7,4.2,177.0,83.3,0.0,35.6,64.4,49.7,14.7,43.8,52.8,73.0,32.9,12.4,11.6,,,,,,,,,0.7,,0.0,0.0,,,34.9,41.7,13.8,33.6,65.6,19.7,,,,,,,,,,,,82.0,16.8,0.3,1.0,71.0,21.1,4.2,3.7,68.8,16.0,8.5,6.7,53.9,12.7,28.9,4.6,7.2,28.1,61.8,2.9,61.8,,16.8,,
1127,1127,Mannen,65 jaar of ouder,Gestandaardiseerd inkomen: 4e 20%-groep,Waarde,2018/2019,9.7,63.7,26.5,91.1,6.6,2.3,7.5,9.4,1.5,33.2,33.2,0.8,0.9,6.2,0.0,0.0,2.3,0.0,0.0,1.2,0.0,0.0,0.3,0.0,0.0,0.8,0.0,0.0,2.0,0.8,0.9,6.4,177.8,83.5,0.4,39.6,60.0,47.9,12.1,51.1,58.0,84.5,43.0,18.2,20.6,,,,,,,,,1.5,,1.1,0.7,,,30.7,43.2,17.6,42.6,71.4,22.9,,,,,,,,,,,,76.8,21.2,0.5,1.6,68.3,22.8,5.7,3.2,62.4,18.5,9.3,9.9,54.8,9.4,28.6,7.1,7.3,30.3,61.1,1.4,57.5,,17.7,,
1136,1136,Mannen,65 jaar of ouder,Gestandaardiseerd inkomen: 5e 20%-groep,Waarde,2018/2019,10.6,66.1,23.3,92.8,5.6,1.7,6.6,11.0,1.7,27.7,27.7,0.3,0.3,7.0,0.0,0.0,1.9,0.0,0.0,0.0,0.0,0.0,0.0,0.0,0.0,0.7,0.0,0.0,1.5,0.3,0.3,7.6,178.7,84.1,0.3,41.2,58.5,45.9,12.6,51.8,57.0,82.8,51.8,23.5,25.5,,,,,,,,,1.9,,0.5,1.0,,,31.7,41.6,17.4,45.1,75.8,35.5,,,,,,,,,,,,70.0,25.9,1.5,2.6,55.8,30.8,8.5,4.9,53.2,25.5,12.2,9.1,53.4,13.5,26.4,6.7,6.8,30.5,60.6,2.1,61.4,,18.0,,
1145,1145,Mannen,65 jaar of ouder,Migratieachtergrond: Nederland,Waarde,2018/2019,13.0,66.0,21.0,86.9,10.7,2.4,7.7,11.7,1.6,34.8,34.8,0.5,0.6,4.7,0.1,0.1,1.1,0.0,0.0,0.2,0.0,0.0,0.0,0.0,0.0,0.3,0.1,0.1,1.0,0.6,0.7,4.8,177.6,84.1,0.4,37.6,62.0,46.7,15.3,44.0,52.3,75.6,36.4,14.7,16.4,,,,,,,,,0.6,,0.7,0.2,,,32.0,42.2,12.2,35.5,67.7,20.7,,,,,,,,,,,,77.6,19.9,0.6,1.9,66.8,21.5,6.4,5.2,61.1,19.1,10.5,9.3,50.5,12.0,31.7,5.8,7.9,29.3,59.8,3.1,62.9,,19.2,17.5,12.6
1154,1154,Mannen,65 jaar of ouder,Migratieachtergrond: westers,Waarde,2018/2019,,,,,,,,,,,,,,,,,,,,,,,,,,,,,,,,,,,,,,,,,,,,,,,,,,,,,,,,,,,,,,,,,,,,,,,,,,,,,,,,,,,,,,,,,,,,,,,,,,,,,
1163,1163,Mannen,65 jaar of ouder,Migratieachtergrond: niet-westers,Waarde,2018/2019,,,,,,,,,,,,,,,,,,,,,,,,,,,,,,,,,,,,,,,,,,,,,,,,,,,,,,,,,,,,,,,,,,,,,,,,,,,,,,,,,,,,,,,,,,,,,,,,,,,,,
1172,1172,Vrouwen,Totaal,Totaal ,Waarde,2018/2019,17.7,29.0,53.3,71.1,13.3,15.6,10.0,8.6,0.8,53.3,52.5,2.7,4.8,17.4,1.3,3.1,7.9,0.3,0.9,2.6,0.7,2.1,6.0,0.4,0.9,2.9,0.4,1.0,3.9,3.6,6.6,19.0,167.6,71.6,2.7,56.4,40.9,26.6,14.3,45.8,50.1,81.8,52.8,25.6,19.3,,,,,,,,,2.4,,4.1,5.7,72.8,35.9,32.8,41.6,20.7,41.8,56.0,17.0,48.4,24.2,23.3,4.0,36.7,18.3,43.6,1.3,,,,54.2,36.2,5.0,4.6,33.3,24.0,31.3,11.4,36.9,27.5,23.6,12.1,22.6,6.1,64.7,6.6,3.4,16.2,78.6,1.7,24.4,,17.4,10.6,15.6
1181,1181,Vrouwen,Totaal,Onderwijsniveau: 1 laag,Waarde,2018/2019,21.4,37.5,41.1,59.7,20.7,19.7,10.5,9.3,0.9,65.8,65.8,1.3,2.0,7.2,0.8,1.1,3.4,0.2,0.3,1.2,0.2,0.4,2.1,0.4,0.5,1.6,0.4,0.6,1.7,1.8,2.5,8.3,165.3,73.1,1.9,39.0,59.1,36.4,22.7,32.9,38.5,69.0,30.3,15.5,8.8,,,,,,,,,1.4,,1.9,2.2,68.6,32.4,34.3,42.5,14.5,31.0,57.6,16.2,38.9,42.5,12.3,6.4,50.3,27.8,20.1,1.8,,,,71.2,24.0,2.3,2.5,54.2,21.7,15.8,8.3,53.4,20.7,15.2,10.6,36.5,8.3,49.1,6.1,5.8,23.8,68.2,2.2,43.0,,16.1,16.4,14.9
1190,1190,Vrouwen,Totaal,Onderwijsniveau: 2 middelbaar,Waarde,2018/2019,21.0,34.2,44.9,75.7,14.2,10.1,7.8,7.6,0.8,52.2,52.2,2.2,3.2,16.1,0.7,1.9,7.3,0.1,0.4,2.7,0.3,1.0,5.4,0.2,0.4,2.9,0.4,0.8,3.7,2.7,4.5,17.6,167.7,73.5,1.2,47.6,51.2,31.5,19.7,45.2,50.4,80.2,46.9,25.4,13.6,,,,,,,,,1.9,,3.5,4.3,66.2,29.2,34.7,43.0,19.3,38.8,58.7,20.3,59.5,23.7,14.2,2.5,42.0,19.2,38.2,0.7,,,,55.2,40.0,1.9,3.0,35.0,26.5,29.2,9.3,39.1,30.4,20.3,10.3,23.1,6.0,65.3,5.6,3.5,17.6,78.1,0.8,22.4,,22.8,9.2,14.2
1199,1199,Vrouwen,Totaal,Onderwijsniveau: 3 hoog,Waarde,2018/2019,11.5,30.7,57.8,84.6,9.4,6.0,8.4,8.4,0.9,42.4,42.4,2.7,5.0,26.3,1.5,3.9,11.9,0.3,0.9,3.4,0.9,3.2,9.2,0.6,1.2,4.2,0.4,1.2,6.1,3.7,7.6,28.6,169.3,69.9,2.2,62.1,35.7,25.3,10.4,55.7,59.7,87.2,67.4,37.1,18.5,,,,,,,,,1.3,,5.5,6.9,70.7,27.4,37.2,46.8,25.3,51.8,63.7,22.7,62.4,18.1,16.9,2.6,34.0,15.7,49.6,0.8,,,,47.1,46.5,2.9,3.5,23.8,30.5,34.3,11.4,29.3,35.4,23.7,11.6,18.0,5.7,70.3,6.1,2.5,13.7,83.0,0.8,17.6,,18.3,8.5,20.2
1208,1208,Vrouwen,Totaal,Onderwijsniveau: weet niet of onbekend,Waarde,2018/2019,12.9,26.9,60.2,50.5,18.9,30.6,,,,72.7,72.7,0.6,0.6,5.1,0.0,1.1,1.1,0.0,1.1,1.1,0.0,0.0,0.0,0.0,0.0,0.0,0.0,0.0,0.0,0.6,1.7,6.2,164.4,74.5,2.1,35.1,62.8,34.4,28.4,38.9,45.9,71.8,27.7,12.2,5.6,,,,,,,,,,,,,,,30.1,42.5,15.1,33.5,60.6,20.5,39.2,21.7,17.4,21.7,42.7,19.1,28.4,9.7,,,,61.1,27.6,3.6,7.6,41.5,22.4,19.3,16.7,46.3,23.3,15.9,14.6,27.6,4.7,50.8,16.9,3.3,17.7,68.3,10.7,31.9,,15.6,,
1217,1217,Vrouwen,Totaal,Gestandaardiseerd inkomen: 1e 20%-groep,Waarde,2018/2019,26.0,21.7,52.3,56.2,18.5,25.3,14.1,11.6,0.9,63.4,62.6,5.8,9.1,23.3,2.6,4.7,12.1,0.5,1.7,4.7,1.3,2.9,9.3,1.0,1.4,4.7,0.6,1.4,6.4,7.7,11.6,24.9,166.3,71.4,3.5,54.4,42.0,25.4,16.6,39.7,43.8,76.8,36.3,16.0,11.9,,,,,,,,,4.5,,6.1,8.8,71.4,38.1,29.0,36.8,22.8,40.5,53.6,14.9,41.6,22.5,31.1,4.8,27.4,20.2,50.6,1.7,,,,56.0,33.2,6.2,4.6,35.6,22.3,30.8,11.3,40.1,26.1,23.1,10.7,18.3,5.4,68.0,8.2,4.7,15.9,77.2,2.2,23.4,,13.6,13.6,19.6
1226,1226,Vrouwen,Totaal,Gestandaardiseerd inkomen: 2e 20%-groep,Waarde,2018/2019,19.8,31.4,48.8,63.0,16.2,20.9,9.1,6.1,0.7,62.7,61.9,2.3,3.9,14.3,1.3,2.2,5.6,0.3,0.8,2.2,0.8,1.6,4.0,0.4,0.7,2.1,0.5,0.8,2.8,2.8,5.1,15.3,166.5,73.4,2.3,48.4,49.3,30.0,19.4,38.8,43.4,77.0,42.6,19.7,13.3,,,,,,,,,2.4,,3.2,4.5,74.8,39.0,32.8,41.1,17.0,35.8,52.7,16.5,39.1,33.2,22.4,5.3,36.8,24.4,37.1,1.6,,,,61.7,30.2,4.0,4.0,43.4,20.6,24.9,11.1,45.8,23.9,19.0,11.4,26.0,8.4,59.1,6.5,4.0,19.7,74.7,1.6,35.7,,16.5,14.9,20.4
1235,1235,Vrouwen,Totaal,Gestandaardiseerd inkomen: 3e 20%-groep,Waarde,2018/2019,18.9,28.3,52.8,71.5,13.9,14.6,9.3,7.2,0.8,54.5,53.4,2.4,4.2,16.0,1.0,2.8,7.6,0.3,0.5,2.3,0.6,2.0,6.2,0.1,0.5,2.4,0.4,1.0,3.4,3.0,5.9,18.4,167.3,72.3,2.1,55.8,42.1,26.6,15.6,44.5,50.1,80.2,50.8,25.0,19.4,,,,,,,,,2.2,,3.9,5.2,71.8,32.6,32.9,41.4,18.0,39.4,52.5,14.8,46.9,26.0,22.9,4.3,35.8,19.3,43.4,1.5,,,,53.2,38.1,4.6,4.2,31.5,22.9,33.5,12.2,35.6,26.6,25.5,12.3,22.2,6.0,66.1,5.7,3.3,15.9,78.8,2.1,23.7,,16.7,10.1,12.3
1244,1244,Vrouwen,Totaal,Gestandaardiseerd inkomen: 4e 20%-groep,Waarde,2018/2019,14.6,32.3,53.1,78.4,10.5,11.1,8.5,7.6,0.8,47.9,46.8,2.4,4.5,16.3,1.2,3.1,7.6,0.2,0.7,2.3,0.7,2.0,5.3,0.4,1.3,3.2,0.4,0.9,3.8,3.1,6.3,17.7,168.3,71.9,2.5,57.2,40.2,26.8,13.4,48.8,53.0,84.6,60.2,29.7,23.0,,,,,,,,,2.0,,3.3,5.2,73.8,36.2,32.7,42.4,20.9,42.9,55.4,16.2,52.3,23.0,21.1,3.7,38.8,14.9,45.2,1.0,,,,52.9,36.9,5.5,4.8,30.2,25.0,33.3,11.5,33.9,29.3,24.5,12.4,23.3,5.0,65.4,6.4,2.4,16.1,80.0,1.5,22.4,,19.6,10.1,13.0
1253,1253,Vrouwen,Totaal,Gestandaardiseerd inkomen: 5e 20%-groep,Waarde,2018/2019,11.9,30.7,57.4,82.1,9.4,8.4,10.6,10.4,1.0,41.8,41.2,1.4,3.3,18.2,0.9,2.8,7.4,0.2,0.6,1.9,0.5,2.2,5.8,0.4,0.8,2.3,0.4,1.1,3.4,2.0,5.0,19.6,169.0,69.9,2.7,64.0,33.3,24.8,8.5,54.2,57.6,88.4,68.9,34.9,26.9,,,,,,,,,1.4,,3.9,5.0,73.2,35.8,36.2,45.5,24.5,48.6,64.3,21.7,58.9,18.5,19.9,2.7,42.9,14.8,41.6,0.8,,,,49.0,41.3,4.4,5.2,28.0,28.2,32.7,11.1,31.2,30.5,25.1,13.1,22.7,6.1,65.3,6.0,3.3,14.3,81.1,1.3,18.9,,19.9,7.0,14.9
1262,1262,Vrouwen,Totaal,Migratieachtergrond: Nederland,Waarde,2018/2019,17.8,31.8,50.3,77.2,12.5,10.3,9.8,8.8,0.9,47.4,46.7,2.4,4.4,17.5,1.3,3.1,7.8,0.3,0.8,2.6,0.8,2.3,6.0,0.4,0.9,3.0,0.4,1.2,3.8,3.2,6.2,19.2,168.5,72.5,2.0,56.6,41.4,27.2,14.1,46.1,51.1,80.5,55.5,25.7,21.7,,,,,,,,,2.3,,3.3,4.6,72.4,35.9,32.5,41.2,19.2,40.5,54.1,16.1,49.4,25.7,21.1,3.8,40.1,17.7,41.3,0.8,,,,54.4,36.4,4.7,4.4,33.1,24.0,31.5,11.3,35.8,26.7,24.7,12.8,23.0,5.2,66.2,5.6,3.2,16.7,78.9,1.2,25.5,,17.9,11.2,15.7
1271,1271,Vrouwen,Totaal,Migratieachtergrond: westers,Waarde,2018/2019,21.3,30.9,47.7,72.7,11.5,15.8,9.5,8.6,0.8,53.3,52.9,3.9,7.7,23.6,1.8,2.6,9.4,0.0,0.0,2.8,0.8,1.4,7.3,0.6,0.6,3.3,0.8,1.0,5.6,5.4,8.9,25.0,165.2,68.6,2.9,58.5,38.6,23.3,15.4,41.0,46.3,80.0,50.0,27.1,17.4,,,,,,,,,3.3,,3.8,7.6,67.0,31.1,35.2,43.8,26.8,48.4,64.6,19.0,47.1,24.6,21.9,6.4,37.9,21.6,37.4,3.1,,,,56.5,34.1,4.0,5.3,38.1,26.5,25.3,10.1,40.6,27.3,20.0,12.1,24.3,5.5,61.8,8.4,4.8,17.5,74.8,2.9,24.6,,14.9,,
1280,1280,Vrouwen,Totaal,Migratieachtergrond: niet-westers,Waarde,2018/2019,18.0,12.8,69.2,37.4,17.6,45.0,5.1,4.2,0.5,79.1,78.0,3.6,5.3,15.2,1.2,2.3,7.1,0.5,0.5,1.8,0.5,1.3,5.2,0.8,1.4,3.1,0.5,1.0,4.1,3.9,6.4,15.5,163.1,70.2,2.7,51.9,45.4,28.2,17.1,38.2,40.9,78.8,37.9,20.7,10.5,,,,,,,,,1.7,,6.0,6.8,71.8,34.8,31.1,38.9,27.3,48.7,64.2,19.8,40.7,12.3,39.8,7.2,21.1,16.3,59.1,3.4,,,,54.5,31.3,9.4,4.8,32.5,20.8,34.7,11.9,39.4,26.9,24.7,8.9,12.4,6.2,73.4,8.0,3.5,10.6,82.6,3.4,15.4,,10.6,,
1289,1289,Vrouwen,Jonger dan 25 jaar,Totaal ,Waarde,2018/2019,16.7,6.3,77.0,60.9,7.0,32.1,17.4,9.7,0.8,52.4,47.6,5.7,11.8,21.8,3.0,6.6,9.8,0.6,2.2,3.3,2.0,5.2,8.2,0.8,2.1,2.9,0.6,1.9,4.2,7.6,14.7,23.0,169.3,66.5,5.4,77.8,16.8,13.0,3.7,48.5,51.0,90.3,66.2,24.8,36.8,,,,,,,,,7.1,,6.3,12.9,90.9,65.4,25.5,34.1,23.9,45.5,44.0,8.2,12.0,2.9,81.4,3.7,2.5,3.4,92.1,2.1,,,,32.5,30.8,22.3,14.4,7.3,8.8,62.0,22.0,13.9,17.4,48.8,19.9,3.1,3.2,84.1,9.6,0.7,3.3,92.1,3.9,5.0,,5.5,,
1298,1298,Vrouwen,Jonger dan 25 jaar,Onderwijsniveau: 1 laag,Waarde,2018/2019,,,,,,,,,,,,,,,,,,,,,,,,,,,,,,,,,,,,,,,,,,,,,,,,,,,,,,,,,,,,,,,,,,,,,,,,,,,,,,,,,,,,,,,,,,,,,,,,,,,,,
1307,1307,Vrouwen,Jonger dan 25 jaar,Onderwijsniveau: 2 middelbaar,Waarde,2018/2019,,,,,,,,,,,,,,,,,,,,,,,,,,,,,,,,,,,,,,,,,,,,,,,,,,,,,,,,,,,,,,,,,,,,,,,,,,,,,,,,,,,,,,,,,,,,,,,,,,,,,
1316,1316,Vrouwen,Jonger dan 25 jaar,Onderwijsniveau: 3 hoog,Waarde,2018/2019,,,,,,,,,,,,,,,,,,,,,,,,,,,,,,,,,,,,,,,,,,,,,,,,,,,,,,,,,,,,,,,,,,,,,,,,,,,,,,,,,,,,,,,,,,,,,,,,,,,,,
1325,1325,Vrouwen,Jonger dan 25 jaar,Onderwijsniveau: weet niet of onbekend,Waarde,2018/2019,,,,,,,,,,,,,,,,,,,,,,,,,,,,,,,,,,,,,,,,,,,,,,,,,,,,,,,,,,,,,,,,,,,,,,,,,,,,,,,,,,,,,,,,,,,,,,,,,,,,,
1334,1334,Vrouwen,Jonger dan 25 jaar,Gestandaardiseerd inkomen: 1e 20%-groep,Waarde,2018/2019,21.2,7.4,71.4,60.3,4.9,34.8,21.4,18.1,1.1,50.7,47.4,10.7,17.6,30.6,6.1,10.6,18.1,0.8,4.1,7.4,4.3,8.4,15.3,1.3,2.2,4.5,0.5,2.6,9.4,15.1,21.8,32.0,169.4,65.5,6.0,77.1,16.9,12.2,4.7,48.7,50.6,90.0,52.7,22.9,24.3,,,,,,,,,9.8,,9.8,18.2,86.3,58.6,25.1,33.3,27.6,49.4,46.0,7.9,18.1,3.5,75.5,3.0,4.9,4.0,88.8,2.4,,,,30.5,33.8,20.8,14.8,12.5,11.8,55.4,20.3,16.1,19.5,44.3,20.1,2.5,2.6,83.9,11.0,0.0,4.4,90.7,4.8,3.9,,5.1,,
1343,1343,Vrouwen,Jonger dan 25 jaar,Gestandaardiseerd inkomen: 2e 20%-groep,Waarde,2018/2019,17.1,4.9,78.0,51.5,9.4,39.1,,,,61.8,55.9,6.3,12.8,22.9,4.1,6.7,7.3,1.1,2.8,2.8,1.6,4.3,5.3,1.9,2.6,2.6,0.7,1.8,2.9,7.7,16.1,23.3,,,4.7,72.7,22.6,16.6,6.0,47.7,51.7,89.3,60.0,19.5,31.3,,,,,,,,,6.3,,5.5,13.9,,,23.9,33.0,22.3,41.7,40.4,11.0,13.3,2.3,82.6,1.9,3.0,4.3,91.7,1.0,,,,31.6,35.3,22.8,10.3,5.1,11.6,61.5,21.8,13.4,21.2,47.8,17.6,1.9,2.6,87.9,7.6,0.0,1.8,96.3,1.9,4.1,,7.6,,
1352,1352,Vrouwen,Jonger dan 25 jaar,Gestandaardiseerd inkomen: 3e 20%-groep,Waarde,2018/2019,13.5,3.4,83.1,54.7,10.0,35.2,14.1,5.1,0.7,59.6,53.3,2.9,6.7,13.5,0.7,3.1,5.4,0.4,0.9,1.3,0.4,2.7,4.9,0.0,0.5,0.9,0.0,0.4,1.3,2.9,7.7,15.0,169.2,66.8,4.5,79.7,15.8,12.1,3.7,47.3,50.4,89.3,67.5,25.4,39.4,,,,,,,,,7.9,,6.0,9.8,,,25.7,35.3,20.2,46.0,38.7,4.5,8.6,4.1,83.1,4.2,0.6,5.4,91.1,2.9,,,,35.0,27.3,24.9,12.8,6.0,7.4,64.8,21.8,13.5,16.4,51.9,18.2,5.3,3.5,83.2,8.0,1.1,2.8,92.7,3.5,8.1,,4.5,,
1361,1361,Vrouwen,Jonger dan 25 jaar,Gestandaardiseerd inkomen: 4e 20%-groep,Waarde,2018/2019,19.1,7.7,73.2,69.1,5.1,25.8,14.6,4.7,0.6,46.9,40.9,5.7,11.8,21.6,2.9,7.5,10.1,0.0,1.1,2.4,2.4,5.1,7.9,0.4,3.6,4.4,0.8,2.8,4.1,7.9,15.5,23.5,170.2,66.7,6.4,78.4,15.2,12.6,2.6,49.3,51.9,91.2,74.6,27.1,44.0,,,,,,,,,4.5,,4.4,10.8,92.8,69.9,23.4,31.1,22.8,43.5,41.5,6.2,12.2,3.1,78.4,6.3,1.6,3.6,92.4,2.4,,,,29.7,29.8,23.7,16.8,5.6,9.5,63.9,21.0,12.9,13.7,53.3,20.1,2.9,2.2,83.9,11.0,1.8,4.3,90.1,3.7,5.2,,5.0,,
1370,1370,Vrouwen,Jonger dan 25 jaar,Gestandaardiseerd inkomen: 5e 20%-groep,Waarde,2018/2019,12.4,7.7,79.9,66.6,6.9,26.5,20.9,13.1,1.0,45.5,42.1,3.0,10.8,20.5,1.4,5.2,7.2,1.0,2.3,2.3,1.0,5.2,6.5,0.4,1.7,1.7,0.9,1.8,2.4,4.0,12.9,21.2,169.1,66.1,5.4,81.0,13.6,11.5,2.0,49.6,50.9,92.4,78.0,28.8,47.0,,,,,,,,,7.3,,4.5,11.2,97.2,73.7,29.5,38.9,25.7,46.1,52.0,11.7,7.4,1.7,87.9,3.0,1.9,0.5,96.2,1.5,,,,35.7,28.6,18.6,17.1,4.4,4.2,64.9,26.5,12.6,17.8,46.2,23.3,2.8,5.0,83.2,9.0,0.6,2.7,91.6,5.1,3.2,,6.4,,
1379,1379,Vrouwen,Jonger dan 25 jaar,Migratieachtergrond: Nederland,Waarde,2018/2019,18.2,6.6,75.2,67.1,7.4,25.5,17.2,9.5,0.9,46.8,42.3,5.4,12.1,23.4,3.1,7.2,10.0,0.7,1.7,3.1,2.4,5.8,8.7,1.1,2.6,3.7,0.5,2.5,3.8,7.2,14.8,24.5,170.4,67.6,4.6,79.3,16.1,13.2,2.8,49.1,52.9,87.3,72.3,24.0,43.0,,,,,,,,,7.3,,6.3,12.6,94.2,67.1,22.3,31.7,21.2,42.1,39.6,7.0,10.3,2.3,84.7,2.7,2.5,4.3,92.3,1.0,,,,35.6,28.2,23.6,12.5,6.0,6.9,62.5,24.6,15.0,14.9,49.6,20.5,3.9,4.4,84.3,7.4,1.0,4.6,92.1,2.3,4.9,,5.1,,
1388,1388,Vrouwen,Jonger dan 25 jaar,Migratieachtergrond: westers,Waarde,2018/2019,,,,,,,,,,,,,,,,,,,,,,,,,,,,,,,,,,,,,,,,,,,,,,,,,,,,,,,,,,,,,,,,,,,,,,,,,,,,,,,,,,,,,,,,,,,,,,,,,,,,,
1397,1397,Vrouwen,Jonger dan 25 jaar,Migratieachtergrond: niet-westers,Waarde,2018/2019,15.7,4.0,80.3,32.1,7.3,60.6,,,,78.8,74.7,3.1,5.1,14.8,0.0,1.9,5.7,0.0,0.0,0.0,0.0,1.9,4.7,0.0,0.0,0.0,0.0,0.0,2.1,3.1,7.0,15.8,,,4.3,74.4,21.4,15.7,5.7,41.6,42.9,88.9,50.2,19.1,24.5,,,,,,,,,,,,,,,26.2,35.0,29.3,48.3,53.8,11.4,,,,,,,,,,,,,,,,,,,,,,,,,,,,,,,,,,,,
1406,1406,Vrouwen,25 tot 45 jaar,Totaal ,Waarde,2018/2019,21.4,23.0,55.5,75.6,12.9,11.5,9.1,5.5,0.7,48.0,48.0,3.9,6.6,31.4,2.2,5.6,16.5,0.4,1.4,5.6,1.1,3.8,13.1,1.0,1.8,6.4,0.6,1.7,8.5,5.3,10.2,34.5,169.1,71.5,2.5,56.9,40.6,25.8,14.8,49.5,54.4,83.1,57.7,30.9,16.0,,,,,,,,,2.3,,7.9,10.5,69.2,30.1,28.1,37.9,19.0,39.9,53.4,14.2,59.1,8.6,29.9,2.4,8.6,12.6,77.8,1.0,,,,43.8,48.2,4.3,3.6,17.4,22.5,45.1,14.9,26.9,35.3,26.2,11.6,5.4,4.3,83.5,6.8,1.5,8.5,88.7,1.2,8.0,,11.5,9.9,17.4
1415,1415,Vrouwen,25 tot 45 jaar,Onderwijsniveau: 1 laag,Waarde,2018/2019,40.6,17.1,42.3,54.5,18.9,26.6,8.4,6.3,0.6,65.3,65.3,3.9,5.5,24.0,2.8,4.4,12.3,1.1,1.8,5.2,0.4,1.1,9.5,1.8,2.5,6.9,0.8,1.7,7.1,5.0,7.0,26.1,166.7,72.5,3.4,45.8,50.8,29.6,21.3,39.3,45.4,71.8,30.0,14.7,7.2,,,,,,,,,3.6,,7.3,10.0,69.8,32.6,22.3,32.9,16.0,26.7,46.5,11.3,52.0,13.1,31.9,3.1,9.8,12.0,76.2,2.1,,,,51.3,40.5,5.8,2.4,24.7,20.3,38.6,16.4,34.4,30.8,21.9,12.9,5.3,4.2,83.5,7.0,2.2,9.4,85.4,2.9,9.1,,9.9,,
1424,1424,Vrouwen,25 tot 45 jaar,Onderwijsniveau: 2 middelbaar,Waarde,2018/2019,26.2,25.7,48.2,73.7,15.6,10.7,8.1,4.4,0.6,51.8,51.8,4.1,6.0,28.5,1.4,4.1,15.2,0.1,0.8,5.8,0.7,2.2,12.1,0.5,1.1,6.0,0.6,1.5,7.5,5.2,8.8,31.2,168.8,74.4,1.9,48.0,50.1,29.5,20.6,45.8,51.5,80.7,49.8,26.3,14.6,,,,,,,,,2.5,,6.9,9.6,66.3,30.9,27.1,34.6,17.8,35.6,49.8,13.1,59.1,7.8,31.1,2.0,8.3,14.6,76.6,0.4,,,,44.3,48.2,3.5,4.0,18.5,22.4,45.2,13.8,28.1,35.7,24.9,11.4,5.2,4.0,82.9,7.9,1.9,9.7,87.4,1.0,8.7,,14.5,9.1,15.4
1433,1433,Vrouwen,25 tot 45 jaar,Onderwijsniveau: 3 hoog,Waarde,2018/2019,13.0,22.8,64.2,83.6,9.2,7.2,9.8,5.9,0.8,39.3,39.3,3.8,7.4,36.3,2.7,7.1,19.1,0.5,1.6,5.5,1.7,5.8,15.3,1.2,2.3,6.7,0.6,2.0,9.8,5.6,12.3,39.9,170.1,69.0,2.5,67.1,30.4,22.2,8.2,55.1,58.8,88.0,71.6,39.1,19.7,,,,,,,,,1.8,,8.8,11.5,71.6,29.1,30.9,41.8,21.1,47.1,57.8,15.7,61.4,8.3,28.4,2.0,8.4,11.0,79.7,0.9,,,,41.5,50.5,4.3,3.7,14.7,23.2,46.7,15.4,24.2,36.3,28.3,11.3,5.3,4.6,84.5,5.6,1.1,7.1,90.9,0.9,7.2,,9.3,7.3,21.0
1442,1442,Vrouwen,25 tot 45 jaar,Onderwijsniveau: weet niet of onbekend,Waarde,2018/2019,,,,,,,,,,,,,,,,,,,,,,,,,,,,,,,,,,,,,,,,,,,,,,,,,,,,,,,,,,,,,,,,,,,,,,,,,,,,,,,,,,,,,,,,,,,,,,,,,,,,,
1451,1451,Vrouwen,25 tot 45 jaar,Gestandaardiseerd inkomen: 1e 20%-groep,Waarde,2018/2019,31.4,16.2,52.4,56.6,21.4,22.0,11.5,7.0,0.7,65.3,65.3,7.4,11.4,34.3,3.5,6.8,19.1,1.0,2.4,8.1,0.8,3.0,15.4,2.2,3.0,7.7,1.2,2.0,10.5,9.9,15.8,36.7,166.9,71.8,2.9,50.0,47.1,27.9,19.2,42.3,48.2,77.4,36.2,17.5,7.5,,,,,,,,,3.7,,10.2,14.1,65.4,30.5,28.3,37.7,24.2,42.0,53.3,13.2,51.9,8.0,36.3,3.8,9.8,12.8,76.4,1.1,,,,49.7,44.3,3.7,2.3,20.7,23.3,43.2,12.8,31.7,33.9,24.2,10.3,7.4,4.1,79.9,8.6,3.2,9.8,85.7,1.3,10.4,,10.7,,
1460,1460,Vrouwen,25 tot 45 jaar,Gestandaardiseerd inkomen: 2e 20%-groep,Waarde,2018/2019,25.5,22.7,51.8,71.3,13.7,15.0,9.8,6.4,0.6,49.8,49.8,2.7,4.6,29.2,2.2,4.0,13.9,0.4,1.2,5.6,2.0,3.8,11.0,0.4,1.0,5.9,0.9,1.4,7.4,3.6,7.0,31.4,168.7,74.9,1.7,47.8,50.5,27.9,22.6,49.2,53.7,82.2,52.0,28.2,10.5,,,,,,,,,3.6,,7.1,10.0,72.4,32.6,27.6,34.7,17.8,35.7,49.8,14.5,54.7,10.9,32.0,2.4,6.8,12.0,80.4,0.8,,,,41.9,47.6,5.2,5.3,19.2,21.4,42.8,16.6,28.6,33.1,25.3,13.0,4.4,3.9,84.4,7.3,1.2,9.7,88.3,0.8,7.2,,14.6,,
1469,1469,Vrouwen,25 tot 45 jaar,Gestandaardiseerd inkomen: 3e 20%-groep,Waarde,2018/2019,24.0,24.0,52.0,77.6,12.7,9.7,7.2,4.7,0.6,49.2,49.2,4.0,7.1,29.5,2.0,5.9,17.0,0.5,1.0,5.5,1.5,4.5,14.0,0.5,1.4,6.1,0.8,2.4,8.2,5.4,10.7,34.6,168.8,71.9,2.1,55.9,42.1,26.8,15.3,51.6,56.8,83.1,55.2,30.8,15.9,,,,,,,,,1.9,,6.4,8.3,71.2,28.3,30.5,39.0,14.5,32.2,48.3,12.0,62.8,9.0,26.3,1.9,8.8,14.7,75.9,0.6,,,,38.9,55.8,2.5,2.8,16.0,21.9,47.5,14.6,24.6,37.5,27.0,10.9,3.2,3.8,86.8,6.2,1.2,8.0,89.3,1.5,6.9,,14.5,,
1478,1478,Vrouwen,25 tot 45 jaar,Gestandaardiseerd inkomen: 4e 20%-groep,Waarde,2018/2019,15.9,27.8,56.3,83.3,9.5,7.3,7.0,3.3,0.7,41.8,41.8,3.5,6.5,29.6,1.5,5.3,15.9,0.4,1.3,4.5,0.6,3.0,11.9,1.0,1.9,6.9,0.0,0.7,8.0,4.5,10.0,32.2,170.1,71.7,2.4,57.7,39.8,26.7,13.2,46.3,50.9,81.9,65.3,36.3,19.4,,,,,,,,,2.1,,6.6,9.5,69.1,30.2,26.0,38.2,16.2,39.7,51.6,11.3,61.8,8.1,27.6,2.5,7.0,11.9,79.9,1.2,,,,46.4,45.0,4.4,4.2,15.5,22.9,46.8,14.8,24.4,38.6,26.6,10.4,6.2,4.7,83.2,5.9,0.8,7.9,90.2,1.1,8.2,,10.3,,
1487,1487,Vrouwen,25 tot 45 jaar,Gestandaardiseerd inkomen: 5e 20%-groep,Waarde,2018/2019,13.1,24.2,62.7,87.7,8.0,4.3,11.2,6.6,0.7,34.3,34.3,2.0,3.6,35.6,2.0,5.8,17.4,0.0,0.8,4.7,0.9,4.7,13.7,1.0,1.7,5.7,0.4,2.3,8.8,3.5,7.7,38.9,170.7,69.1,2.2,68.5,29.3,21.8,7.5,56.2,60.5,89.5,76.0,39.9,25.0,,,,,,,,,0.9,,8.7,10.6,69.1,30.3,28.6,39.1,23.2,48.8,63.3,19.8,63.0,7.8,27.9,1.4,8.9,12.3,78.1,0.7,,,,41.9,49.0,5.4,3.7,15.3,23.3,45.9,15.6,25.2,33.4,28.2,13.2,4.6,5.2,84.8,5.4,1.3,7.6,90.4,0.7,7.7,,8.5,,
1496,1496,Vrouwen,25 tot 45 jaar,Migratieachtergrond: Nederland,Waarde,2018/2019,21.0,24.3,54.7,84.1,11.2,4.7,8.3,5.4,0.7,38.9,38.9,3.3,5.5,33.2,2.1,6.0,18.0,0.2,1.5,5.7,1.1,4.6,14.3,0.7,1.5,6.7,0.7,2.4,8.9,4.7,9.8,37.4,170.8,72.7,1.6,59.5,38.9,24.0,14.9,52.6,57.7,83.7,64.4,31.5,20.7,,,,,,,,,2.4,,6.8,9.0,68.5,29.4,27.5,36.6,16.7,39.6,51.1,11.7,62.6,8.3,27.5,1.5,8.7,10.0,81.0,0.2,,,,39.9,52.0,4.4,3.7,13.3,22.2,50.5,14.1,22.8,34.9,30.0,12.3,3.4,3.9,87.4,5.3,1.2,9.6,88.8,0.3,8.1,,11.9,8.4,17.1
1505,1505,Vrouwen,25 tot 45 jaar,Migratieachtergrond: westers,Waarde,2018/2019,21.5,29.4,49.1,80.0,12.4,7.6,,3.1,0.5,48.2,48.2,4.3,7.8,36.7,0.8,3.4,12.4,0.0,0.0,4.8,0.0,1.8,9.9,0.8,0.8,6.7,0.0,0.7,10.0,5.1,10.5,38.3,167.5,68.1,2.0,62.9,35.0,23.4,11.6,50.1,54.0,86.2,57.5,34.8,16.6,,,,,,,,,2.5,,11.2,16.1,65.6,27.6,35.2,45.5,28.5,48.5,67.7,23.7,61.8,8.4,26.7,3.1,8.7,20.6,68.4,2.3,,,,50.2,43.3,2.2,4.2,23.9,25.1,37.2,13.7,34.4,32.0,20.6,13.0,6.1,4.1,82.6,7.2,2.2,8.2,87.4,2.2,7.0,,8.8,,
1514,1514,Vrouwen,25 tot 45 jaar,Migratieachtergrond: niet-westers,Waarde,2018/2019,20.7,14.6,64.7,42.1,19.7,38.2,,,,75.4,75.4,5.5,8.2,21.2,2.6,4.0,11.3,1.0,1.0,4.0,1.0,1.8,8.2,1.8,3.2,6.1,1.0,2.3,7.9,6.2,9.5,21.2,163.7,69.6,3.1,47.8,49.2,30.7,18.5,39.8,43.7,78.1,33.3,21.7,3.0,,,,,,,,,1.6,,7.5,7.5,69.9,29.2,31.1,36.8,27.8,50.0,66.4,19.2,45.5,8.4,39.5,6.6,12.3,17.5,67.9,2.4,,,,47.9,41.7,8.0,2.4,26.8,24.1,39.7,9.4,32.8,35.8,24.9,6.4,7.1,5.8,80.0,7.0,1.9,5.6,91.0,1.6,9.1,,10.0,,
1523,1523,Vrouwen,45 tot 65 jaar,Totaal ,Waarde,2018/2019,19.9,36.0,44.2,75.1,14.1,10.9,9.3,9.9,0.9,50.2,50.2,1.7,2.5,13.0,0.5,0.8,4.1,0.1,0.2,1.2,0.2,0.4,2.7,0.1,0.2,1.8,0.4,0.4,1.9,2.0,2.9,14.0,167.9,73.7,1.3,46.9,51.8,32.2,19.6,48.7,54.3,81.0,48.6,27.0,13.7,,,,,,,,,1.5,,2.2,2.1,65.3,23.3,33.2,42.5,22.5,43.3,62.0,20.6,75.0,17.4,4.6,2.9,61.4,15.8,22.2,0.6,,,,55.8,39.2,1.8,3.2,37.4,32.5,22.4,7.7,38.5,30.5,20.5,10.4,28.3,5.4,61.2,5.2,4.4,19.1,75.4,1.1,19.4,,27.4,9.5,17.7
1532,1532,Vrouwen,45 tot 65 jaar,Onderwijsniveau: 1 laag,Waarde,2018/2019,28.4,37.3,34.3,59.4,21.7,18.9,15.1,11.3,0.9,59.9,59.9,1.9,2.8,9.6,0.9,0.9,3.3,0.2,0.2,1.1,0.4,0.4,1.9,0.4,0.4,1.6,0.7,0.7,1.2,2.4,3.3,10.7,166.2,74.8,2.5,35.5,62.0,37.2,24.8,39.4,47.4,71.1,30.8,16.9,8.6,,,,,,,,,1.9,,2.0,1.6,,,27.1,35.4,15.7,32.7,57.8,13.9,67.4,21.5,6.8,4.3,63.2,16.4,19.2,1.2,,,,66.9,27.4,2.7,3.0,49.0,26.4,17.6,7.0,47.8,22.1,20.6,9.5,35.1,4.7,55.0,5.2,6.2,22.6,69.6,1.5,26.0,,21.9,15.8,19.2
1541,1541,Vrouwen,45 tot 65 jaar,Onderwijsniveau: 2 middelbaar,Waarde,2018/2019,20.7,36.1,43.3,78.1,12.5,9.4,8.5,8.7,0.9,48.3,48.3,1.6,2.2,11.4,0.3,0.6,3.5,0.1,0.2,1.0,0.1,0.4,2.4,0.0,0.1,1.7,0.3,0.3,1.8,1.8,2.6,12.2,168.0,74.0,0.6,47.5,51.9,31.8,20.1,48.7,53.8,82.5,48.0,27.6,14.6,,,,,,,,,1.9,,2.0,1.7,65.9,23.8,33.3,43.0,21.5,40.2,61.4,20.8,77.4,17.1,3.4,2.1,63.2,14.3,22.1,0.4,,,,54.4,41.7,1.1,2.7,36.8,31.0,24.8,7.4,38.0,31.3,21.0,9.7,27.0,4.7,64.4,4.0,4.0,17.7,77.7,0.6,17.4,,30.5,8.5,15.0
1550,1550,Vrouwen,45 tot 65 jaar,Onderwijsniveau: 3 hoog,Waarde,2018/2019,11.2,35.6,53.2,87.5,8.7,3.8,7.1,10.7,0.9,41.8,41.8,2.0,3.0,19.2,0.5,1.0,6.1,0.2,0.3,1.8,0.2,0.6,4.2,0.0,0.3,2.2,0.4,0.4,2.8,2.2,3.3,20.3,169.6,71.9,1.4,57.5,41.1,28.1,13.1,57.6,61.9,88.1,66.3,37.0,17.5,,,,,,,,,0.8,,2.8,3.1,66.2,19.3,38.3,47.7,30.1,57.3,67.0,26.3,80.0,14.1,3.7,2.2,57.6,17.5,24.9,0.0,,,,47.7,47.0,1.8,3.4,27.4,40.3,24.2,8.1,29.8,37.4,20.6,12.2,24.1,7.0,62.8,6.1,3.4,17.7,78.4,0.6,16.0,,29.0,7.0,20.8
1559,1559,Vrouwen,45 tot 65 jaar,Onderwijsniveau: weet niet of onbekend,Waarde,2018/2019,,,,,,,,,,,,,,,,,,,,,,,,,,,,,,,,,,,,,,,,,,,,,,,,,,,,,,,,,,,,,,,,,,,,,,,,,,,,,,,,,,,,,,,,,,,,,,,,,,,,,
1568,1568,Vrouwen,45 tot 65 jaar,Gestandaardiseerd inkomen: 1e 20%-groep,Waarde,2018/2019,32.8,28.6,38.6,58.0,20.7,21.2,15.2,12.0,1.0,60.6,60.6,3.7,5.4,18.3,0.4,0.4,6.2,0.0,0.0,1.5,0.0,0.0,3.8,0.0,0.0,4.1,0.4,0.4,2.5,4.1,5.8,19.5,165.7,74.0,1.7,40.3,57.9,31.8,26.1,37.8,43.6,74.2,27.4,12.3,6.7,,,,,,,,,3.5,,2.5,1.4,,,26.9,34.3,20.6,35.2,58.9,22.1,64.9,21.6,9.2,4.3,53.9,19.7,25.2,1.3,,,,63.3,31.3,2.7,2.7,48.9,28.7,16.5,5.9,50.0,25.6,18.0,6.4,28.3,6.4,58.7,6.6,8.5,24.8,65.4,1.3,26.1,,22.2,,
1577,1577,Vrouwen,45 tot 65 jaar,Gestandaardiseerd inkomen: 2e 20%-groep,Waarde,2018/2019,26.4,35.4,38.2,63.8,15.4,20.9,9.9,5.3,0.7,63.3,63.3,2.7,3.5,14.6,1.0,1.0,4.1,0.2,0.2,1.2,0.5,0.5,2.4,0.2,0.2,1.1,0.7,1.0,2.3,3.2,4.0,15.7,167.1,75.2,2.1,41.4,56.5,29.8,26.7,42.0,48.8,75.3,36.2,19.4,6.3,,,,,,,,,2.6,,1.8,1.6,,,29.9,39.0,18.6,37.3,57.3,16.0,73.1,16.4,7.6,2.9,56.9,19.3,22.5,1.3,,,,60.9,34.6,1.4,3.1,41.6,31.0,20.8,6.6,43.8,29.3,17.9,9.0,27.2,6.0,61.9,4.9,4.2,19.9,74.6,1.3,24.1,,26.1,18.8,24.8
1586,1586,Vrouwen,45 tot 65 jaar,Gestandaardiseerd inkomen: 3e 20%-groep,Waarde,2018/2019,23.8,37.2,39.1,76.3,15.3,8.4,10.8,9.4,0.8,48.9,48.9,1.7,2.3,13.4,0.2,0.6,4.1,0.2,0.2,1.3,0.0,0.4,3.5,0.0,0.1,1.5,0.0,0.0,1.6,1.9,2.6,14.8,168.0,74.4,0.9,44.2,54.9,33.1,21.8,42.1,51.3,74.5,42.0,24.9,11.6,,,,,,,,,1.2,,3.4,3.7,58.8,20.0,32.4,41.0,19.7,40.9,57.9,18.8,71.4,20.9,4.6,3.2,59.8,16.7,22.5,1.0,,,,56.4,38.5,1.7,3.4,35.6,29.8,25.0,9.6,37.5,27.2,23.6,11.7,28.6,6.4,61.1,3.8,4.3,19.0,75.5,1.2,17.1,,23.8,10.0,15.8
1595,1595,Vrouwen,45 tot 65 jaar,Gestandaardiseerd inkomen: 4e 20%-groep,Waarde,2018/2019,15.4,37.1,47.5,78.9,12.4,8.8,7.2,10.3,0.9,47.6,47.6,1.1,1.5,10.7,0.7,1.0,3.6,0.2,0.6,1.8,0.4,0.7,1.8,0.1,0.3,1.5,0.6,0.6,2.0,1.3,1.9,11.4,168.2,74.5,0.8,44.8,54.4,34.1,20.4,53.3,58.0,84.7,52.6,29.3,14.7,,,,,,,,,1.5,,1.9,2.1,71.3,24.3,32.4,43.4,24.5,45.3,60.8,19.7,77.3,17.4,2.9,2.5,63.8,11.2,24.7,0.3,,,,54.9,40.3,2.0,2.7,34.8,32.1,24.0,9.1,35.6,32.4,20.1,12.0,28.4,3.2,63.3,5.2,2.7,18.0,77.9,1.5,18.0,,30.5,7.9,14.8
1604,1604,Vrouwen,45 tot 65 jaar,Gestandaardiseerd inkomen: 5e 20%-groep,Waarde,2018/2019,12.4,38.1,49.5,84.3,11.1,4.7,8.0,10.7,1.0,42.6,42.6,0.8,1.4,11.2,0.4,0.8,3.5,0.1,0.2,0.7,0.3,0.5,2.7,0.1,0.2,1.3,0.3,0.3,1.4,1.0,1.8,11.9,169.0,71.8,1.5,55.1,43.4,31.5,11.8,56.5,60.4,87.3,64.3,36.8,20.4,,,,,,,,,0.6,,2.0,1.6,66.3,22.1,38.2,47.7,25.2,49.2,68.2,23.7,80.7,14.1,2.5,2.6,66.3,15.2,18.4,0.1,,,,50.6,44.3,1.2,3.9,33.3,36.6,23.2,6.9,33.6,33.6,21.6,11.3,28.3,5.7,60.8,5.3,4.1,16.9,78.3,0.7,16.8,,29.9,5.8,15.8
1613,1613,Vrouwen,45 tot 65 jaar,Migratieachtergrond: Nederland,Waarde,2018/2019,20.9,39.8,39.3,80.5,13.6,5.9,9.1,10.3,0.9,45.0,45.0,1.7,2.5,13.6,0.5,1.0,4.1,0.3,0.3,1.8,0.4,0.7,2.9,0.1,0.3,2.0,0.4,0.4,2.1,1.9,3.0,14.4,168.9,74.4,1.1,46.9,52.0,32.9,19.1,49.5,56.2,79.8,49.4,27.9,13.5,,,,,,,,,1.4,,1.6,1.4,61.0,22.0,32.6,41.7,21.6,42.9,60.9,19.4,78.2,16.8,2.6,2.4,63.5,15.2,20.9,0.4,,,,54.5,40.8,1.2,3.5,35.1,33.7,23.4,7.9,35.3,31.3,22.2,11.1,25.9,4.1,65.1,4.8,4.1,19.3,76.0,0.6,18.6,,28.9,10.4,18.3
1622,1622,Vrouwen,45 tot 65 jaar,Migratieachtergrond: westers,Waarde,2018/2019,29.1,35.5,35.3,75.6,13.7,10.7,,,,47.4,47.4,0.0,1.0,17.6,0.0,0.0,9.2,0.0,0.0,1.6,0.0,0.0,5.9,0.0,0.0,2.8,0.0,0.0,3.4,0.0,1.0,19.5,165.0,70.2,2.5,49.1,48.4,30.3,18.1,48.0,57.7,77.9,52.6,31.6,13.1,,,,,,,,,,,0.0,2.8,,,27.9,37.4,23.7,45.6,65.9,19.9,63.4,20.8,9.5,6.3,65.3,15.2,17.5,2.1,,,,54.8,39.3,2.9,3.0,38.8,35.2,20.2,5.8,37.7,35.3,19.4,7.6,32.7,4.9,54.6,7.9,4.0,20.5,73.5,2.0,23.2,,24.5,,
1631,1631,Vrouwen,45 tot 65 jaar,Migratieachtergrond: niet-westers,Waarde,2018/2019,,,,,,,,,,,,,,,,,,,,,,,,,,,,,,,,,,,,,,,,,,,,,,,,,,,,,,,,,,,,,,,,,,,,,,,,,,,,,,,,,,,,,,,,,,,,,,,,,,,,,
1640,1640,Vrouwen,65 jaar of ouder,Totaal ,Waarde,2018/2019,10.6,44.5,44.9,67.8,17.8,14.4,7.1,9.9,1.0,65.1,65.1,0.3,0.5,3.0,0.2,0.4,1.0,0.0,0.1,0.2,0.0,0.0,0.0,0.0,0.0,0.1,0.1,0.3,0.8,0.5,0.9,3.7,164.6,71.1,1.5,43.9,54.6,35.8,18.8,33.7,37.8,71.0,36.2,18.1,10.3,,,,,,,,,0.4,,0.3,0.2,,,47.3,54.1,16.5,37.5,65.5,25.9,17.3,65.2,9.6,7.9,55.6,37.4,4.7,2.4,,,,76.9,20.0,0.9,2.2,61.7,22.0,9.6,6.7,59.8,18.8,10.7,10.7,46.7,11.0,35.6,6.6,5.9,29.0,63.1,2.1,62.7,,17.1,14.7,11.6
1649,1649,Vrouwen,65 jaar of ouder,Onderwijsniveau: 1 laag,Waarde,2018/2019,11.1,43.5,45.4,61.3,20.5,18.2,8.0,8.8,0.9,70.0,70.0,0.2,0.4,0.8,0.2,0.3,0.8,0.0,0.0,0.1,0.1,0.1,0.1,0.0,0.0,0.1,0.1,0.3,0.6,0.4,0.8,1.6,164.2,72.2,1.1,39.3,59.6,37.9,21.7,26.9,30.6,66.8,30.1,14.7,9.3,,,,,,,,,0.3,,0.2,0.2,,,42.6,50.1,13.2,31.0,60.7,19.3,15.9,65.1,10.3,8.7,53.4,39.9,4.6,2.0,,,,79.8,16.9,1.0,2.3,66.1,19.0,8.0,6.9,62.7,16.9,9.7,10.7,46.4,11.9,35.2,6.4,6.5,28.8,62.3,2.4,64.2,,14.0,16.1,9.9
1658,1658,Vrouwen,65 jaar of ouder,Onderwijsniveau: 2 middelbaar,Waarde,2018/2019,12.0,45.4,42.6,74.0,15.3,10.7,5.5,11.1,1.0,62.0,62.0,0.2,0.2,4.2,0.2,0.6,1.6,0.0,0.2,0.8,0.0,0.0,0.0,0.0,0.0,0.2,0.2,0.4,1.0,0.4,0.9,5.0,164.8,70.5,1.4,47.1,51.5,34.4,17.1,35.8,40.2,74.2,39.2,18.5,9.1,,,,,,,,,0.6,,0.5,0.2,,,52.1,58.2,16.9,41.3,68.7,32.3,18.4,68.6,8.3,4.7,54.3,38.9,5.1,1.7,,,,77.0,20.7,0.6,1.7,61.4,23.4,9.8,5.5,61.9,18.5,10.2,9.3,47.3,12.8,34.9,5.0,5.2,31.7,62.1,1.0,60.1,,19.9,11.8,9.7
1667,1667,Vrouwen,65 jaar of ouder,Onderwijsniveau: 3 hoog,Waarde,2018/2019,6.8,47.1,46.1,80.7,12.1,7.2,6.8,11.4,1.1,54.9,54.9,0.7,1.1,8.1,0.0,0.2,1.1,0.0,0.0,0.0,0.0,0.0,0.0,0.0,0.0,0.0,0.0,0.2,1.1,0.7,1.3,8.6,165.7,68.4,3.0,55.8,41.2,29.4,11.9,53.4,57.6,81.6,54.6,29.8,16.4,,,,,,,,,0.4,,0.0,0.0,,,57.1,62.7,28.3,54.8,76.6,39.0,21.3,63.9,8.8,6.1,66.0,28.0,3.5,2.5,,,,66.2,30.2,0.8,2.8,47.5,32.0,15.0,5.5,46.6,27.5,14.8,11.1,48.4,6.2,37.8,7.7,4.9,27.5,66.4,1.2,60.4,,23.5,,
1676,1676,Vrouwen,65 jaar of ouder,Onderwijsniveau: weet niet of onbekend,Waarde,2018/2019,,,,,,,,,,,,,,,,,,,,,,,,,,,,,,,,,,,,,,,,,,,,,,,,,,,,,,,,,,,,,,,,,,,,,,,,,,,,,,,,,,,,,,,,,,,,,,,,,,,,,
1685,1685,Vrouwen,65 jaar of ouder,Gestandaardiseerd inkomen: 1e 20%-groep,Waarde,2018/2019,12.7,38.8,48.6,47.6,27.6,24.9,5.2,9.5,0.9,81.0,81.0,0.0,0.0,3.1,0.0,0.2,2.0,0.0,0.0,0.3,0.0,0.0,0.0,0.0,0.0,0.7,0.0,0.2,1.7,0.0,0.2,4.4,163.8,71.5,2.7,40.8,56.5,36.3,20.3,21.3,23.9,54.8,19.7,6.2,3.8,,,,,,,,,1.2,,0.4,0.4,,,40.7,45.4,14.5,29.0,60.4,20.1,11.6,66.3,12.9,9.2,38.0,49.1,9.9,3.0,,,,79.9,17.0,1.4,1.7,62.3,20.9,8.4,8.3,62.2,20.0,8.7,9.0,36.4,8.8,47.2,7.6,5.8,23.5,68.3,2.5,58.2,,13.7,,
1694,1694,Vrouwen,65 jaar of ouder,Gestandaardiseerd inkomen: 2e 20%-groep,Waarde,2018/2019,13.1,44.1,42.8,61.3,20.7,18.0,5.8,6.8,0.8,70.9,70.9,0.2,0.4,1.4,0.0,0.2,0.5,0.0,0.2,0.3,0.0,0.0,0.0,0.0,0.0,0.0,0.0,0.0,0.1,0.2,0.6,1.9,164.4,72.2,1.4,38.0,60.7,39.5,21.2,24.7,28.7,67.2,29.5,14.6,8.0,,,,,,,,,0.0,,0.7,0.0,,,43.5,51.4,12.2,31.2,59.6,21.5,15.1,65.1,10.5,9.4,52.5,40.4,4.6,2.5,,,,82.3,15.2,0.2,2.3,69.4,16.0,6.8,7.8,65.9,15.3,8.4,10.4,45.1,14.1,34.2,6.7,6.5,30.4,60.7,2.3,69.3,,14.1,,
1703,1703,Vrouwen,65 jaar of ouder,Gestandaardiseerd inkomen: 3e 20%-groep,Waarde,2018/2019,10.6,42.0,47.4,70.2,16.9,12.9,7.6,9.2,0.9,64.3,64.3,0.6,0.9,3.4,0.8,1.1,1.3,0.0,0.0,0.3,0.2,0.2,0.2,0.0,0.0,0.0,0.6,0.9,0.9,1.4,2.0,4.5,163.9,72.3,0.6,40.8,58.5,35.8,22.8,34.8,39.5,72.2,35.1,17.2,9.2,,,,,,,,,0.3,,0.0,0.0,,,45.5,52.1,17.9,39.0,68.2,26.2,15.4,65.2,10.8,8.6,59.2,35.3,2.7,2.8,,,,76.8,19.9,0.6,2.7,59.1,23.4,10.1,7.4,58.5,16.8,12.7,12.0,47.3,9.6,36.8,6.3,5.8,28.8,62.2,3.2,61.1,,16.9,,
1712,1712,Vrouwen,65 jaar of ouder,Gestandaardiseerd inkomen: 4e 20%-groep,Waarde,2018/2019,7.6,51.4,41.0,79.2,13.2,7.6,8.3,11.2,1.0,57.5,57.5,0.2,0.5,3.4,0.0,0.0,0.8,0.0,0.0,0.0,0.0,0.0,0.0,0.0,0.0,0.0,0.0,0.0,0.8,0.2,0.5,3.9,165.4,70.1,0.8,50.3,48.8,33.1,15.8,44.0,48.9,79.2,46.9,24.8,14.6,,,,,,,,,0.8,,0.0,0.6,,,54.1,60.8,18.7,42.2,69.3,29.6,22.3,64.1,8.0,5.6,62.2,32.0,4.7,1.1,,,,72.2,24.6,1.5,1.6,56.9,25.4,12.5,5.2,56.3,21.2,11.6,10.9,49.8,10.0,34.1,6.2,4.4,31.2,63.7,0.7,58.5,,22.7,,
1721,1721,Vrouwen,65 jaar of ouder,Gestandaardiseerd inkomen: 5e 20%-groep,Waarde,2018/2019,7.4,44.7,47.9,82.0,9.8,8.2,8.2,14.9,1.3,48.9,48.9,0.3,0.3,5.3,0.0,0.6,1.3,0.0,0.0,0.3,0.0,0.0,0.0,0.0,0.0,0.0,0.0,0.6,1.0,0.3,1.0,6.0,165.6,67.8,2.9,56.0,41.1,30.7,10.4,51.1,54.5,83.0,54.7,29.3,17.5,,,,,,,,,0.0,,0.0,0.0,,,55.6,61.7,23.0,50.9,74.3,36.2,22.8,66.4,5.4,5.4,65.2,29.7,2.4,2.7,,,,68.4,27.5,1.3,2.8,54.1,30.5,11.8,3.6,50.4,25.5,13.4,10.8,54.8,10.0,28.4,6.8,6.5,28.2,63.5,1.8,60.0,,20.1,,
1730,1730,Vrouwen,65 jaar of ouder,Migratieachtergrond: Nederland,Waarde,2018/2019,10.3,45.4,44.4,72.4,15.8,11.8,7.9,9.9,1.0,59.7,59.7,0.4,0.7,3.2,0.1,0.4,1.2,0.0,0.0,0.3,0.0,0.0,0.0,0.0,0.0,0.0,0.1,0.4,0.8,0.5,1.1,4.1,164.8,71.4,1.0,43.8,55.3,37.1,18.2,31.9,35.8,70.9,37.5,18.4,12.0,,,,,,,,,0.5,,0.4,0.1,,,48.0,54.8,16.2,36.6,62.9,25.2,15.9,66.9,8.8,8.4,57.8,35.5,4.7,2.0,,,,78.0,19.0,0.7,2.3,63.4,21.1,8.6,6.9,59.5,18.0,10.7,11.8,48.1,8.3,37.6,6.1,4.9,26.0,66.7,2.4,62.5,,15.1,16.7,10.7
1739,1739,Vrouwen,65 jaar of ouder,Migratieachtergrond: westers,Waarde,2018/2019,,,,,,,,,,,,,,,,,,,,,,,,,,,,,,,,,,,,,,,,,,,,,,,,,,,,,,,,,,,,,,,,,,,,,,,,,,,,,,,,,,,,,,,,,,,,,,,,,,,,,
1748,1748,Vrouwen,65 jaar of ouder,Migratieachtergrond: niet-westers,Waarde,2018/2019,,,,,,,,,,,,,,,,,,,,,,,,,,,,,,,,,,,,,,,,,,,,,,,,,,,,,,,,,,,,,,,,,,,,,,,,,,,,,,,,,,,,,,,,,,,,,,,,,,,,,
